fecha,sitio,parametro,lat,lon,promedio
2023-05-22,SAT4,temp,-31.34271973,-64.46680736,16.3
2023-05-22,SAT4,secchi,-31.34271973,-64.46680736,1.35
2023-05-22,SAT4,cla_ciano,-31.34271973,-64.46680736,6
2023-05-22,SAT4,cla_tot,-31.34271973,-64.46680736,30
2023-05-22,SAT3,cla_ciano,-31.3569966,-64.47096328,1.7
2023-05-22,SAT3,cla_tot,-31.3569966,-64.47096328,11.5
2023-05-22,CEN,cla_ciano,-31.37421569,-64.4693671,0.9
2023-05-22,CEN,cla_tot,-31.37421569,-64.4693671,8.1
2023-05-22,GAR,temp,-30.621111111111112,-63.55583333333334,17.4
2023-05-22,GAR,secchi,-30.621111111111112,-63.55583333333334,1.45
2023-05-22,GAR,cla_ciano,-30.621111111111112,-63.55583333333334,1.8
2023-05-22,GAR,cla_tot,-30.621111111111112,-63.55583333333334,10.7
2023-05-22,ZA,temp,-30.628133333333334,-63.545116666666665,17.8
2023-05-22,ZA,secchi,-30.628133333333334,-63.545116666666665,1.45
2023-05-22,ZA,cla_ciano,-30.628133333333334,-63.545116666666665,1.4
2023-05-22,ZA,cla_tot,-30.628133333333334,-63.545116666666665,10.4
2023-05-22,SAT1,secchi,-30.60566,-63.51484833333333,0.85
2023-05-22,SAT1,cla_ciano,-30.60566,-63.51484833333333,7.8
2023-05-22,SAT1,cla_tot,-30.60566,-63.51484833333333,24.8
2023-08-02,SAT4,temp,-30.65577777777778,-63.53216666666666,12.6
2023-08-02,SAT4,turb,-30.65577777777778,-63.53216666666666,3.9
2023-08-02,SAT4,secchi,-30.65577777777778,-63.53216666666666,1.2
2023-08-02,SAT4,cla_ciano,-30.65577777777778,-63.53216666666666,2.3
2023-08-02,SAT4,cla_tot,-30.65577777777778,-63.53216666666666,12.44
2023-08-02,SAT3,temp,-30.64147222222222,-63.52891666666667,11.9
2023-08-02,SAT3,turb,-30.64147222222222,-63.52891666666667,3.3
2023-08-02,SAT3,secchi,-30.64147222222222,-63.52891666666667,1.3
2023-08-02,SAT3,cla_ciano,-30.64147222222222,-63.52891666666667,3.16
2023-08-02,SAT3,cla_tot,-30.64147222222222,-63.52891666666667,23.82
2023-08-02,CEN,temp,-30.624666666666666,-63.53069444444444,12.7
2023-08-02,CEN,turb,-30.624666666666666,-63.53069444444444,2.18
2023-08-02,CEN,secchi,-30.624666666666666,-63.53069444444444,1.4
2023-08-02,CEN,cla_ciano,-30.624666666666666,-63.53069444444444,5.766666666666667
2023-08-02,CEN,cla_tot,-30.624666666666666,-63.53069444444444,44.8
2023-08-02,ZA,temp,-30.62488888888889,-63.54505555555555,12.7
2023-08-02,ZA,turb,-30.62488888888889,-63.54505555555555,5.37
2023-08-02,ZA,secchi,-30.62488888888889,-63.54505555555555,1.2
2023-08-02,ZA,cla_ciano,-30.62488888888889,-63.54505555555555,2.82
2023-08-02,ZA,cla_tot,-30.62488888888889,-63.54505555555555,23.06
2023-08-02,ZB,temp,-30.62247222222222,-63.54497222222222,12.4
2023-08-02,ZB,turb,-30.62247222222222,-63.54497222222222,5.37
2023-08-02,ZB,secchi,-30.62247222222222,-63.54497222222222,1.2
2023-08-02,ZB,cla_ciano,-30.62247222222222,-63.54497222222222,2.8333333333333335
2023-08-02,ZB,cla_tot,-30.62247222222222,-63.54497222222222,27.183333333333334
2023-08-02,GAR,temp,-30.62597,-63.56145,13.1
2023-08-02,GAR,turb,-30.62597,-63.56145,5.08
2023-08-02,GAR,secchi,-30.62597,-63.56145,1
2023-08-02,GAR,cla_ciano,-30.62597,-63.56145,9.4
2023-08-02,GAR,cla_tot,-30.62597,-63.56145,80.68
2023-08-02,SAT2,turb,-31.38123711,-64.47666871,3.28
2023-08-02,SAT2,cla_ciano,-31.38123711,-64.47666871,3.6142857142857143
2023-08-02,SAT2,cla_tot,-31.38123711,-64.47666871,25.057142857142857
2023-08-02,SAT1,temp,-31.39347997,-64.48514345,13.4
2023-08-02,SAT1,secchi,-31.39347997,-64.48514345,1
2023-08-02,SAT1,cla_ciano,-31.39347997,-64.48514345,1.4333333333333333
2023-08-02,SAT1,cla_tot,-31.39347997,-64.48514345,10.383333333333333
2023-11-06,SAT4,cla_ciano,-30.650666666666666,-63.53333333333333,0.15
2023-11-06,SAT4,cla_tot,-30.650666666666666,-63.53333333333333,4.45
2023-11-06,SAT3,temp,-30.641366666666666,-63.52785,20.4
2023-11-06,SAT3,turb,-30.641366666666666,-63.52785,5
2023-11-06,SAT3,secchi,-30.641366666666666,-63.52785,1
2023-11-06,SAT3,cla_ciano,-30.641366666666666,-63.52785,5
2023-11-06,SAT3,cla_tot,-30.641366666666666,-63.52785,80
2023-11-06,ZA,temp,-30.6276,-63.54441666666666,20.1
2023-11-06,ZA,secchi,-30.6276,-63.54441666666666,1.2
2023-11-06,ZA,cla_ciano,-30.6276,-63.54441666666666,1.8800000000000001
2023-11-06,ZA,cla_tot,-30.6276,-63.54441666666666,20.400000000000002
2023-11-06,GAR,temp,-30.626083333333334,-63.56008333333333,19.8
2023-11-06,GAR,secchi,-30.626083333333334,-63.56008333333333,1.5
2023-11-06,GAR,cla_ciano,-30.626083333333334,-63.56008333333333,1.9200000000000002
2023-11-06,GAR,cla_tot,-30.626083333333334,-63.56008333333333,11.48
2023-11-06,ZB,turb,-30.621966666666665,-63.544216666666664,19.4
2023-11-06,ZB,secchi,-30.621966666666665,-63.544216666666664,1
2023-11-06,ZB,cla_ciano,-30.621966666666665,-63.544216666666664,0.7
2023-11-06,ZB,cla_tot,-30.621966666666665,-63.544216666666664,9.64
2023-11-06,CEN,temp,-30.62475,-63.5293,20.4
2023-11-06,CEN,cla_ciano,-30.62475,-63.5293,1.96
2023-11-06,CEN,cla_tot,-30.62475,-63.5293,24.32
2023-11-06,SAT1,temp,-30.605833333333333,-63.51501666666667,21
2023-11-06,SAT1,secchi,-30.605833333333333,-63.51501666666667,0.7
2023-11-06,SAT1,cla_ciano,-30.605833333333333,-63.51501666666667,2.54
2023-11-06,SAT1,cla_tot,-30.605833333333333,-63.51501666666667,31.34
2025-02-20,GAR,temp,-30.62613292,-63.56130197,26
2025-02-20,GAR,turb,-30.62613292,-63.56130197,2.26
2025-02-20,GAR,secchi,-30.62613292,-63.56130197,1.65
2025-02-20,GAR,cla_ciano,-30.62613292,-63.56130197,23
2025-02-20,GAR,cla_tot,-30.62613292,-63.56130197,33.9
2025-02-20,ZB,temp,-30.623463,-63.54461965,28.2
2025-02-20,ZB,turb,-30.623463,-63.54461965,2.78
2025-02-20,ZB,secchi,-30.623463,-63.54461965,1.36
2025-02-20,ZB,cla_ciano,-30.623463,-63.54461965,40.9
2025-02-20,ZB,cla_tot,-30.623463,-63.54461965,50.6
2025-02-20,ZA,temp,-30.62923606,-63.543260020000005,26.9
2025-02-20,ZA,turb,-30.62923606,-63.543260020000005,5.27
2025-02-20,ZA,secchi,-30.62923606,-63.543260020000005,1.58
2025-02-20,ZA,cla_ciano,-30.62923606,-63.543260020000005,27.7
2025-02-20,ZA,cla_tot,-30.62923606,-63.543260020000005,36.9
2025-02-20,SAT4,temp,-30.65703837,-63.53315246,26.9
2025-02-20,SAT4,turb,-30.65703837,-63.53315246,7.09
2025-02-20,SAT4,secchi,-30.65703837,-63.53315246,1.16
2025-02-20,SAT4,cla_ciano,-30.65703837,-63.53315246,8.2
2025-02-20,SAT4,cla_tot,-30.65703837,-63.53315246,19.6
2025-02-20,SAT3,temp,-30.64262189,-63.52777673,27.2
2025-02-20,SAT3,turb,-30.64262189,-63.52777673,2.99
2025-02-20,SAT3,secchi,-30.64262189,-63.52777673,1.44
2025-02-20,SAT3,cla_ciano,-30.64262189,-63.52777673,8.9
2025-02-20,SAT3,cla_tot,-30.64262189,-63.52777673,8.9
2025-02-20,CEN,temp,-30.62509839,-63.531291460000006,26.9
2025-02-20,CEN,turb,-30.62509839,-63.531291460000006,2.89
2025-02-20,CEN,secchi,-30.62509839,-63.531291460000006,1.43
2025-02-20,CEN,cla_ciano,-30.62509839,-63.531291460000006,19.4
2025-02-20,CEN,cla_tot,-30.62509839,-63.531291460000006,21.4
2025-02-20,SAT2,temp,-30.6184867,-63.52335234,26.8
2025-02-20,SAT2,turb,-30.6184867,-63.52335234,3.8
2025-02-20,SAT2,secchi,-30.6184867,-63.52335234,1.17
2025-02-20,SAT2,cla_ciano,-30.6184867,-63.52335234,20
2025-02-20,SAT2,cla_tot,-30.6184867,-63.52335234,32.3
2025-06-04,GAR,temp,-30.6262,-63.56198,15.1
2025-06-04,GAR,turb,-30.6262,-63.56198,4.41
2025-06-04,GAR,secchi,-30.6262,-63.56198,1.39
2025-06-04,GAR,cla_ciano,-30.6262,-63.56198,0.6
2025-06-04,GAR,cla_tot,-30.6262,-63.56198,5.566666666666666
2025-06-04,ZB,temp,-30.623445,-63.54520333333333,15.1
2025-06-04,ZB,turb,-30.623445,-63.54520333333333,4.66
2025-06-04,ZB,secchi,-30.623445,-63.54520333333333,0.95
2025-06-04,ZB,cla_ciano,-30.623445,-63.54520333333333,1.16
2025-06-04,ZB,cla_tot,-30.623445,-63.54520333333333,6.84
2025-06-04,ZA,temp,-30.629448333333332,-63.54303,15.3
2025-06-04,ZA,turb,-30.629448333333332,-63.54303,4.45
2025-06-04,ZA,secchi,-30.629448333333332,-63.54303,1.28
2025-06-04,ZA,cla_ciano,-30.629448333333332,-63.54303,1.9666666666666668
2025-06-04,ZA,cla_tot,-30.629448333333332,-63.54303,7.716666666666667
2025-06-04,SAT4,temp,-31.34271973,-64.46680736,14.8
2025-06-04,SAT4,turb,-31.34271973,-64.46680736,5.34
2025-06-04,SAT4,secchi,-31.34271973,-64.46680736,1.2
2025-06-04,SAT4,cla_ciano,-31.34271973,-64.46680736,1.24
2025-06-04,SAT4,cla_tot,-31.34271973,-64.46680736,7.38
2025-06-04,SAT3,temp,-30.644033333333333,-63.529468333333334,15.3
2025-06-04,SAT3,turb,-30.644033333333333,-63.529468333333334,4.62
2025-06-04,SAT3,secchi,-30.644033333333333,-63.529468333333334,1.23
2025-06-04,SAT3,cla_ciano,-30.644033333333333,-63.529468333333334,3.62
2025-06-04,SAT3,cla_tot,-30.644033333333333,-63.529468333333334,10.22
2025-06-04,CEN,temp,-30.62624,-63.530815,16
2025-06-04,CEN,turb,-30.62624,-63.530815,3.65
2025-06-04,CEN,secchi,-30.62624,-63.530815,1.25
2025-06-04,CEN,cla_ciano,-30.62624,-63.530815,1.24
2025-06-04,CEN,cla_tot,-30.62624,-63.530815,6.82
2025-06-04,SAT2,temp,-30.636486666666666,-63.52343833333333,16.5
2025-06-04,SAT2,turb,-30.636486666666666,-63.52343833333333,4.16
2025-06-04,SAT2,secchi,-30.636486666666666,-63.52343833333333,1.25
2025-06-04,SAT2,cla_ciano,-30.636486666666666,-63.52343833333333,3.14
2025-06-04,SAT2,cla_tot,-30.636486666666666,-63.52343833333333,8.92
2025-06-04,SAT1,temp,-30.607285,-63.515285,15.5
2025-06-04,SAT1,turb,-30.607285,-63.515285,4.09
2025-06-04,SAT1,secchi,-30.607285,-63.515285,1.155
2025-06-04,SAT1,cla_ciano,-30.607285,-63.515285,1.1
2025-06-04,SAT1,cla_tot,-30.607285,-63.515285,7.5
2025-10-02,SITIO1_021025,secchi,-30.626426616666667,-63.5473656,0.005
2025-10-02,SITIO1_021025,cla_ciano,-30.626426616666667,-63.5473656,251.80500000000006
2025-10-02,SITIO1_021025,cla_tot,-30.626426616666667,-63.5473656,274.57500000000005
2025-11-19,GAR,temp,-30.625903333333333,-63.56186,22.4
2025-11-19,GAR,turb,-30.625903333333333,-63.56186,19.3
2025-11-19,GAR,secchi,-30.625903333333333,-63.56186,0.555
2025-11-19,GAR,cla_ciano,-30.625903333333333,-63.56186,54.5
2025-11-19,GAR,cla_tot,-30.625903333333333,-63.56186,67.85
2025-11-19,ZB,temp,-30.624893333333333,-63.54599833333333,22.3
2025-11-19,ZB,turb,-30.624893333333333,-63.54599833333333,7.7
2025-11-19,ZB,secchi,-30.624893333333333,-63.54599833333333,0.645
2025-11-19,ZB,cla_ciano,-30.624893333333333,-63.54599833333333,14.7
2025-11-19,ZB,cla_tot,-30.624893333333333,-63.54599833333333,31.424999999999997
2025-11-19,ZA,temp,-30.63026,-63.544075,22.3
2025-11-19,ZA,turb,-30.63026,-63.544075,6.84
2025-11-19,ZA,secchi,-30.63026,-63.544075,0.75
2025-11-19,ZA,cla_ciano,-30.63026,-63.544075,7.375
2025-11-19,ZA,cla_tot,-30.63026,-63.544075,23.125
2025-11-19,SAT4,temp,-30.654898333333332,-63.53222,23.5
2025-11-19,SAT4,turb,-30.654898333333332,-63.53222,28.5
2025-11-19,SAT4,secchi,-30.654898333333332,-63.53222,0.32
2025-11-19,SAT4,cla_ciano,-30.654898333333332,-63.53222,2.9000000000000004
2025-11-19,SAT4,cla_tot,-30.654898333333332,-63.53222,31.875
2025-11-19,SAT3,temp,-30.64621,-63.52846,22.4
2025-11-19,SAT3,turb,-30.64621,-63.52846,6.54
2025-11-19,SAT3,secchi,-30.64621,-63.52846,0.91
2025-11-19,SAT3,cla_ciano,-30.64621,-63.52846,5.5
2025-11-19,SAT3,cla_tot,-30.64621,-63.52846,21.18
2025-11-19,CEN,temp,-30.62668,-63.532125,22.6
2025-11-19,CEN,turb,-30.62668,-63.532125,6.88
2025-11-19,CEN,secchi,-30.62668,-63.532125,0.725
2025-11-19,CEN,cla_ciano,-30.62668,-63.532125,3.9
2025-11-19,CEN,cla_tot,-30.62668,-63.532125,22.125
2025-11-19,SAT2,temp,-31.38123711,-64.47666871,25
2025-11-19,SAT2,turb,-31.38123711,-64.47666871,6.75
2025-11-19,SAT2,secchi,-31.38123711,-64.47666871,0.72
2025-11-19,SAT2,cla_ciano,-31.38123711,-64.47666871,6.2
2025-11-19,SAT2,cla_tot,-31.38123711,-64.47666871,26.82
2025-11-19,SAT1,temp,-30.608885,-63.515863333333336,23
2025-11-19,SAT1,turb,-30.608885,-63.515863333333336,7.2
2025-11-19,SAT1,secchi,-30.608885,-63.515863333333336,0.64
2025-11-19,SAT1,cla_ciano,-30.608885,-63.515863333333336,2.62
2025-11-19,SAT1,cla_tot,-30.608885,-63.515863333333336,16.86
2026-02-23,SAT1,temp,-30.606455,-63.514575,25.3
2026-02-23,SAT1,turb,-30.606455,-63.514575,3.19
2026-02-23,SAT1,secchi,-30.606455,-63.514575,1.87
2026-02-23,SAT1,cla_ciano,-30.606455,-63.514575,8.64
2026-02-23,SAT1,cla_tot,-30.606455,-63.514575,20.1
2026-02-23,SAT2,temp,-30.621453333333335,-63.52403,25.1
2026-02-23,SAT2,turb,-30.621453333333335,-63.52403,2.21
2026-02-23,SAT2,secchi,-30.621453333333335,-63.52403,1.815
2026-02-23,SAT2,cla_ciano,-30.621453333333335,-63.52403,29.95
2026-02-23,SAT2,cla_tot,-30.621453333333335,-63.52403,38
2026-02-23,DAR,turb,-30.621,-63.52347,66.5
2026-02-23,DAR,cla_ciano,-30.621,-63.52347,65.35
2026-02-23,DAR,cla_tot,-30.621,-63.52347,72.575
2026-02-23,SAT3,temp,-30.64375,-63.52939,25
2026-02-23,SAT3,turb,-30.64375,-63.52939,3.48
2026-02-23,SAT3,secchi,-30.64375,-63.52939,1.63
2026-02-23,SAT3,cla_ciano,-30.64375,-63.52939,8.22
2026-02-23,SAT3,cla_tot,-30.64375,-63.52939,17.38
2026-02-23,SAT4,temp,-30.657783333333334,-63.533115,25.1
2026-02-23,SAT4,turb,-30.657783333333334,-63.533115,6.33
2026-02-23,SAT4,secchi,-30.657783333333334,-63.533115,2
2026-02-23,SAT4,cla_ciano,-30.657783333333334,-63.533115,3.02
2026-02-23,SAT4,cla_tot,-30.657783333333334,-63.533115,11.62
2026-02-23,CEN,temp,-30.6278,-63.53146,25
2026-02-23,CEN,turb,-30.6278,-63.53146,2.77
2026-02-23,CEN,secchi,-30.6278,-63.53146,2
2026-02-23,CEN,cla_ciano,-30.6278,-63.53146,6.14
2026-02-23,CEN,cla_tot,-30.6278,-63.53146,12.98
2026-02-23,ZA,temp,-30.6278,-63.53146,26.1
2026-02-23,ZA,turb,-30.6278,-63.53146,5.27
2026-02-23,ZA,secchi,-30.6278,-63.53146,1.65
2026-02-23,ZA,cla_ciano,-30.6278,-63.53146,15.860000000000001
2026-02-23,ZA,cla_tot,-30.6278,-63.53146,21.82
2026-02-23,ZB,temp,-30.62405,-63.54478,26.4
2026-02-23,ZB,turb,-30.62405,-63.54478,2.8
2026-02-23,ZB,secchi,-30.62405,-63.54478,1.85
2026-02-23,ZB,cla_ciano,-30.62405,-63.54478,2.76
2026-02-23,ZB,cla_tot,-30.62405,-63.54478,8.12
2026-02-23,GAR,temp,-30.62604,-63.594231666666666,25.3
2026-02-23,GAR,turb,-30.62604,-63.594231666666666,5.4
2026-02-23,GAR,secchi,-30.62604,-63.594231666666666,1.74
2026-02-23,GAR,cla_ciano,-30.62604,-63.594231666666666,7.859999999999999
2026-02-23,GAR,cla_tot,-30.62604,-63.594231666666666,28.28
2026-02-23,CITO,temp,-30.62432,-63.53717,27.2
2026-02-23,CITO,turb,-30.62432,-63.53717,41.7
2026-02-23,CITO,secchi,-30.62432,-63.53717,1.33
2026-02-23,CITO,cla_ciano,-30.62432,-63.53717,124.56666666666666
2026-02-23,CITO,cla_tot,-30.62432,-63.53717,136.6
