fecha,sitio,ciano,B1,B2,B3,B4,B5,B6,B7
2023-05-22,SAT4,6,0,0.00220749992877244,0.01524250023066997,0.00812000036239624,0.01271250005811452,0.0046824999153614,0.00297749997116625
2023-05-22,SAT3,1.7,4.7500000800937414e-4,0.00399499991908669,0.01419750042259693,0.0095225004479289,0.001657500048168,0.00226250011473894,0.00196000002324581
2023-05-22,CEN,0.9,0.00102500000502914,0.00426999991759657,0.01430749986320734,0.00944000016897916,0.00135499995667487,0.0021524999756366,0.00173999997787177
2023-05-22,ZA,1.4,0,0.00289499992504715,0.01274000015109777,0.00767999980598688,9.97500028461218e-4,0.00182250002399086,0.00193250004667788
2023-05-22,SAT1,7.8,0.00149249995592981,0.00495749991387128,0.01551750022917986,0.0105400001630187,0.00308750011026859,0.00209750002250075,0.00201499997638165
2023-08-02,SAT4,2.3,0.0046275001950562,0.01197000034153461,0.02517000027000904,0.02321749925613403,0.02145750075578689,0.02178750000894069,0.01857000030577182
2023-08-02,SAT3,3.16,0.00297749997116625,0.00996250007301569,0.02291500009596347,0.01999999955296516,0.01815750077366829,0.01768999919295311,0.01452749967575073
2023-08-02,CEN,5.766666666666667,0,0.00594750000163912,0.01449999958276748,0.01199750043451786,0.01081500016152858,0.01372999977320432,0.01185999996960163
2023-08-02,ZA,2.82,0.00209750002250075,0.00748750008642673,0.01903750002384185,0.01549000013619661,0.01307000033557415,0.01623249985277652,0.01384000014513731
2023-08-02,ZB,2.8333333333333335,0.0015750000020489,0.00682750018313527,0.01711249910295009,0.01417000032961368,0.01254750043153762,0.0149125000461936,0.01329000014811754
2023-08-02,SAT2,3.6142857142857143,0.00256499997340142,0.0080375000834465,0.01832249946892261,0.01472000032663345,0.01477499958127737,0.01568249985575676,0.01359250023961067
2023-08-02,SAT1,1.4333333333333331,0.00102500000502914,0.00682750018313527,0.01733249984681606,0.01362000033259391,0.01274000015109777,0.01625999994575977,0.01367499958723783
2023-11-06,SAT4,0.15,0.0247575007379055,0.03655499964952469,0.07230500131845474,0.06889499723911285,0.22592000663280487,0.19635750353336337,0.11622250080108644
2023-11-06,SAT3,5,0.00776250008493661,0.01339999958872795,0.02549999952316284,0.02002749964594841,0.01056750025600195,0.01001750025898218,0.00935749989002943
2023-11-06,ZA,1.88,0.00138250004965811,0.00767999980598688,0.01997249945998192,0.01455499976873397,0.00669000018388032,0.00822999980300664,0.00743249990046024
2023-11-06,ZB,0.7,0.01103499997407198,0.01964250020682811,0.03234750032424927,0.02717749960720539,0.0207700002938509,0.02107249945402145,0.01903750002384185
2023-11-06,CEN,1.96,0.01111750025302171,0.0203850008547306,0.03903000056743622,0.03528999909758568,0.02769999951124191,0.02934999950230121,0.02676500007510185
2023-11-06,SAT1,2.54,0.00534249981865286,0.01411500014364719,0.03322749957442283,0.02827749960124492,0.02219999954104423,0.02418000064790249,0.02222749963402748
2025-02-20,ZB,40.9,0.00209750002250075,0.00765250017866492,0.02222749963402748,0.01262999977916479,0.01587500050663948,0.00251000002026557,0.00154750002548098
2025-02-20,ZA,27.7,0,0.00333500001579523,0.01760750077664852,0.00922000035643577,0.0080375000834465,0.00124500005040317,0.00116250000428408
2025-02-20,SAT4,8.2,0,7.50000006519258e-4,0.01686500012874603,0.01331750024110078,0.00685499981045723,0.0029225000180304,0.00201499997638165
2025-02-20,SAT3,8.9,0.001657500048168,0.00512250000610947,0.01455499976873397,0.01020999997854232,0.00473750010132789,0.0021524999756366,0.00146499997936189
2025-02-20,CEN,19.4,3.924999909941107e-4,0.00471000000834465,0.0160399992018938,0.0105400001630187,0.00669000018388032,0.00173999997787177,0.0012725000269711
2025-02-20,SAT2,20,0.00275749992579221,0.00825749989598989,0.02217249944806099,0.01312499959021806,0.0184324998408556,0.00449000019580125,0.00245500006712973
2025-06-04,ZB,1.16,0.00168500002473592,0.00663499999791383,0.01551750022917986,0.01447250042110681,0.00371999992057681,0.00228999997489154,0.00187749997712671
2025-06-04,ZA,1.9666666666666668,0.00152000004891306,0.00570000009611249,0.01587500050663948,0.01455499976873397,0.00504000019282102,0.00295000011101365,0.00162999995518475
2025-06-04,SAT4,1.24,0,0.00625000009313225,0.01738750003278255,0.01747000031173229,0.00490250019356608,0.00366499996744096,0.00248249992728233
2025-06-04,SAT3,3.62,0.00121749995741993,0.00701999990269541,0.01716749928891658,0.01472000032663345,0.00567250000312924,0.00352749996818602,0.00234499992802739
2025-06-04,CEN,1.24,0.00306000001728534,0.00669000018388032,0.01749750040471553,0.01502250041812658,0.00506749982014298,0.0028125001117587,0.001657500048168
2025-06-04,SAT2,3.14,0.0029225000180304,0.0078725004568696,0.01763500086963176,0.01510499976575374,0.00602999981492757,0.00314250006340444,0.00193250004667788
2025-06-04,SAT1,1.1,0.0045725000090897,0.00886250007897615,0.01832249946892261,0.01612249948084354,0.00523249991238117,0.00336250010877847,0.00220749992877244
2025-10-02,SITIO1_021025,251.8050000000001,0,0.00822999980300664,0.04837999865412712,0.01832249946892261,0.48334750533103943,0.00789999961853027,0.00410499982535839
2025-11-19,ZB,14.7,8.875000057742e-4,0.00938499998301267,0.03138500079512596,0.02266749925911426,0.01106250006705522,0.00979750044643879,0.00897250045090913
2025-11-19,ZA,7.375,4.4750000233761966e-4,0.00847749970853328,0.02937749959528446,0.02195250056684017,0.00999000016599893,0.01023750007152557,0.00944000016897916
2025-11-19,SAT4,2.9000000000000004,0.00256499997340142,0.01023750007152557,0.02703999914228916,0.03144000098109245,0.02459250018000602,0.01158499997109174,0.00932999979704618
2025-11-19,SAT3,5.5,0.00152000004891306,0.00999000016599893,0.02838749997317791,0.02250250056385994,0.01185999996960163,0.01287749968469143,0.01133750006556511
2025-11-19,CEN,3.9,3.924999909941107e-4,0.00897250045090913,0.02772749960422516,0.02164999954402446,0.00971500016748905,0.01089750044047832,0.00987999979406595
2025-11-19,SAT2,6.2,0.00162999995518475,0.0088349999859929,0.02794750034809112,0.02159499935805797,0.01103499997407198,0.0115574998781085,0.01056750025600195
2025-11-19,SAT1,2.62,0.00132749998010694,0.008670000359416,0.02761749923229217,0.0210999995470047,0.01199750043451786,0.0132074998691678,0.01197000034153461
2026-02-23,SAT1,8.64,5.300000193528831e-4,0.00443500000983476,0.01425249967724084,0.01045749988406896,0.00696500018239021,0.00443500000983476,0.00352749996818602
2026-02-23,SAT2,29.95,8.32499994430691e-4,0.00311499997042119,0.01199750043451786,0.00789999961853027,0.00449000019580125,0.00308750011026859,0.00273000006563961
2026-02-23,DAR,65.35,0.0029225000180304,0.00965999998152256,0.02954250015318393,0.01656249910593033,0.01408750005066394,0.00278500001877546,0.00240000011399388
2026-02-23,SAT3,8.22,0.00121749995741993,0.00355500006116926,0.01323499996215105,0.00982499960809946,0.00616749981418252,0.0037750001065433,0.00306000001728534
2026-02-23,SAT4,3.02,7.224999717436731e-4,0.00341750006191432,0.01367499958723783,0.01210749987512827,0.00526000000536441,0.00306000001728534,0.00231750006787478
2026-02-23,CEN,6.14,4.7500000800937414e-4,0.00374750001356005,0.01348249986767768,0.00910999998450279,0.00432500010356307,0.00245500006712973,0.0020699999295175
2026-02-23,ZA,15.86,0,0.00311499997042119,0.01298750005662441,0.0090549997985363,0.00517750019207596,0.00251000002026557,0.0015750000020489
2026-02-23,ZB,2.76,0,0.00267500011250376,0.00971500016748905,0.00657999981194734,0.00429750001057982,0.00261999992653727,0.00198750011622905
2026-02-23,CITO,124.56666666666666,-0.00117499998304992,0.0020699999295175,0.01152999978512525,0.0071849999949336,0.00366499996744096,0.0020425000693649,0.00171250000130385
