fecha,sitio,parametro,lat,lon,concentracion,banda,reflect
2023-05-22,SAT4,cla_ciano,-31.34271973,-64.46680736,6,B1,0
2023-05-22,SAT4,cla_ciano,-31.34271973,-64.46680736,6,B2,0.00220749992877244
2023-05-22,SAT4,cla_ciano,-31.34271973,-64.46680736,6,B3,0.01524250023066997
2023-05-22,SAT4,cla_ciano,-31.34271973,-64.46680736,6,B4,0.00812000036239624
2023-05-22,SAT4,cla_ciano,-31.34271973,-64.46680736,6,B5,0.01271250005811452
2023-05-22,SAT4,cla_ciano,-31.34271973,-64.46680736,6,B6,0.0046824999153614
2023-05-22,SAT4,cla_ciano,-31.34271973,-64.46680736,6,B7,0.00297749997116625
2023-05-22,SAT4,cla_tot,-31.34271973,-64.46680736,30,B1,0
2023-05-22,SAT4,cla_tot,-31.34271973,-64.46680736,30,B2,0.00220749992877244
2023-05-22,SAT4,cla_tot,-31.34271973,-64.46680736,30,B3,0.01524250023066997
2023-05-22,SAT4,cla_tot,-31.34271973,-64.46680736,30,B4,0.00812000036239624
2023-05-22,SAT4,cla_tot,-31.34271973,-64.46680736,30,B5,0.01271250005811452
2023-05-22,SAT4,cla_tot,-31.34271973,-64.46680736,30,B6,0.0046824999153614
2023-05-22,SAT4,cla_tot,-31.34271973,-64.46680736,30,B7,0.00297749997116625
2023-05-22,SAT3,cla_ciano,-31.3569966,-64.47096328,1.7,B1,4.7500000800937414e-4
2023-05-22,SAT3,cla_ciano,-31.3569966,-64.47096328,1.7,B2,0.00399499991908669
2023-05-22,SAT3,cla_ciano,-31.3569966,-64.47096328,1.7,B3,0.01419750042259693
2023-05-22,SAT3,cla_ciano,-31.3569966,-64.47096328,1.7,B4,0.0095225004479289
2023-05-22,SAT3,cla_ciano,-31.3569966,-64.47096328,1.7,B5,0.001657500048168
2023-05-22,SAT3,cla_ciano,-31.3569966,-64.47096328,1.7,B6,0.00226250011473894
2023-05-22,SAT3,cla_ciano,-31.3569966,-64.47096328,1.7,B7,0.00196000002324581
2023-05-22,SAT3,cla_tot,-31.3569966,-64.47096328,11.5,B1,4.7500000800937414e-4
2023-05-22,SAT3,cla_tot,-31.3569966,-64.47096328,11.5,B2,0.00399499991908669
2023-05-22,SAT3,cla_tot,-31.3569966,-64.47096328,11.5,B3,0.01419750042259693
2023-05-22,SAT3,cla_tot,-31.3569966,-64.47096328,11.5,B4,0.0095225004479289
2023-05-22,SAT3,cla_tot,-31.3569966,-64.47096328,11.5,B5,0.001657500048168
2023-05-22,SAT3,cla_tot,-31.3569966,-64.47096328,11.5,B6,0.00226250011473894
2023-05-22,SAT3,cla_tot,-31.3569966,-64.47096328,11.5,B7,0.00196000002324581
2023-05-22,CEN,cla_ciano,-31.37421569,-64.4693671,0.9,B1,0.00102500000502914
2023-05-22,CEN,cla_ciano,-31.37421569,-64.4693671,0.9,B2,0.00426999991759657
2023-05-22,CEN,cla_ciano,-31.37421569,-64.4693671,0.9,B3,0.01430749986320734
2023-05-22,CEN,cla_ciano,-31.37421569,-64.4693671,0.9,B4,0.00944000016897916
2023-05-22,CEN,cla_ciano,-31.37421569,-64.4693671,0.9,B5,0.00135499995667487
2023-05-22,CEN,cla_ciano,-31.37421569,-64.4693671,0.9,B6,0.0021524999756366
2023-05-22,CEN,cla_ciano,-31.37421569,-64.4693671,0.9,B7,0.00173999997787177
2023-05-22,CEN,cla_tot,-31.37421569,-64.4693671,8.1,B1,0.00102500000502914
2023-05-22,CEN,cla_tot,-31.37421569,-64.4693671,8.1,B2,0.00426999991759657
2023-05-22,CEN,cla_tot,-31.37421569,-64.4693671,8.1,B3,0.01430749986320734
2023-05-22,CEN,cla_tot,-31.37421569,-64.4693671,8.1,B4,0.00944000016897916
2023-05-22,CEN,cla_tot,-31.37421569,-64.4693671,8.1,B5,0.00135499995667487
2023-05-22,CEN,cla_tot,-31.37421569,-64.4693671,8.1,B6,0.0021524999756366
2023-05-22,CEN,cla_tot,-31.37421569,-64.4693671,8.1,B7,0.00173999997787177
2023-05-22,ZA,cla_ciano,-30.628133333333334,-63.545116666666665,1.4,B1,0
2023-05-22,ZA,cla_ciano,-30.628133333333334,-63.545116666666665,1.4,B2,0.00289499992504715
2023-05-22,ZA,cla_ciano,-30.628133333333334,-63.545116666666665,1.4,B3,0.01274000015109777
2023-05-22,ZA,cla_ciano,-30.628133333333334,-63.545116666666665,1.4,B4,0.00767999980598688
2023-05-22,ZA,cla_ciano,-30.628133333333334,-63.545116666666665,1.4,B5,9.97500028461218e-4
2023-05-22,ZA,cla_ciano,-30.628133333333334,-63.545116666666665,1.4,B6,0.00182250002399086
2023-05-22,ZA,cla_ciano,-30.628133333333334,-63.545116666666665,1.4,B7,0.00193250004667788
2023-05-22,ZA,cla_tot,-30.628133333333334,-63.545116666666665,10.4,B1,0
2023-05-22,ZA,cla_tot,-30.628133333333334,-63.545116666666665,10.4,B2,0.00289499992504715
2023-05-22,ZA,cla_tot,-30.628133333333334,-63.545116666666665,10.4,B3,0.01274000015109777
2023-05-22,ZA,cla_tot,-30.628133333333334,-63.545116666666665,10.4,B4,0.00767999980598688
2023-05-22,ZA,cla_tot,-30.628133333333334,-63.545116666666665,10.4,B5,9.97500028461218e-4
2023-05-22,ZA,cla_tot,-30.628133333333334,-63.545116666666665,10.4,B6,0.00182250002399086
2023-05-22,ZA,cla_tot,-30.628133333333334,-63.545116666666665,10.4,B7,0.00193250004667788
2023-05-22,SAT1,cla_ciano,-30.60566,-63.51484833333333,7.8,B1,0.00149249995592981
2023-05-22,SAT1,cla_ciano,-30.60566,-63.51484833333333,7.8,B2,0.00495749991387128
2023-05-22,SAT1,cla_ciano,-30.60566,-63.51484833333333,7.8,B3,0.01551750022917986
2023-05-22,SAT1,cla_ciano,-30.60566,-63.51484833333333,7.8,B4,0.0105400001630187
2023-05-22,SAT1,cla_ciano,-30.60566,-63.51484833333333,7.8,B5,0.00308750011026859
2023-05-22,SAT1,cla_ciano,-30.60566,-63.51484833333333,7.8,B6,0.00209750002250075
2023-05-22,SAT1,cla_ciano,-30.60566,-63.51484833333333,7.8,B7,0.00201499997638165
2023-05-22,SAT1,cla_tot,-30.60566,-63.51484833333333,24.8,B1,0.00149249995592981
2023-05-22,SAT1,cla_tot,-30.60566,-63.51484833333333,24.8,B2,0.00495749991387128
2023-05-22,SAT1,cla_tot,-30.60566,-63.51484833333333,24.8,B3,0.01551750022917986
2023-05-22,SAT1,cla_tot,-30.60566,-63.51484833333333,24.8,B4,0.0105400001630187
2023-05-22,SAT1,cla_tot,-30.60566,-63.51484833333333,24.8,B5,0.00308750011026859
2023-05-22,SAT1,cla_tot,-30.60566,-63.51484833333333,24.8,B6,0.00209750002250075
2023-05-22,SAT1,cla_tot,-30.60566,-63.51484833333333,24.8,B7,0.00201499997638165
2023-08-02,SAT4,cla_ciano,-30.65577777777778,-63.53216666666666,2.3,B1,0.0046275001950562
2023-08-02,SAT4,cla_ciano,-30.65577777777778,-63.53216666666666,2.3,B2,0.01197000034153461
2023-08-02,SAT4,cla_ciano,-30.65577777777778,-63.53216666666666,2.3,B3,0.02517000027000904
2023-08-02,SAT4,cla_ciano,-30.65577777777778,-63.53216666666666,2.3,B4,0.02321749925613403
2023-08-02,SAT4,cla_ciano,-30.65577777777778,-63.53216666666666,2.3,B5,0.02145750075578689
2023-08-02,SAT4,cla_ciano,-30.65577777777778,-63.53216666666666,2.3,B6,0.02178750000894069
2023-08-02,SAT4,cla_ciano,-30.65577777777778,-63.53216666666666,2.3,B7,0.01857000030577182
2023-08-02,SAT4,cla_tot,-30.65577777777778,-63.53216666666666,12.44,B1,0.0046275001950562
2023-08-02,SAT4,cla_tot,-30.65577777777778,-63.53216666666666,12.44,B2,0.01197000034153461
2023-08-02,SAT4,cla_tot,-30.65577777777778,-63.53216666666666,12.44,B3,0.02517000027000904
2023-08-02,SAT4,cla_tot,-30.65577777777778,-63.53216666666666,12.44,B4,0.02321749925613403
2023-08-02,SAT4,cla_tot,-30.65577777777778,-63.53216666666666,12.44,B5,0.02145750075578689
2023-08-02,SAT4,cla_tot,-30.65577777777778,-63.53216666666666,12.44,B6,0.02178750000894069
2023-08-02,SAT4,cla_tot,-30.65577777777778,-63.53216666666666,12.44,B7,0.01857000030577182
2023-08-02,SAT3,cla_ciano,-30.64147222222222,-63.52891666666667,3.16,B1,0.00297749997116625
2023-08-02,SAT3,cla_ciano,-30.64147222222222,-63.52891666666667,3.16,B2,0.00996250007301569
2023-08-02,SAT3,cla_ciano,-30.64147222222222,-63.52891666666667,3.16,B3,0.02291500009596347
2023-08-02,SAT3,cla_ciano,-30.64147222222222,-63.52891666666667,3.16,B4,0.01999999955296516
2023-08-02,SAT3,cla_ciano,-30.64147222222222,-63.52891666666667,3.16,B5,0.01815750077366829
2023-08-02,SAT3,cla_ciano,-30.64147222222222,-63.52891666666667,3.16,B6,0.01768999919295311
2023-08-02,SAT3,cla_ciano,-30.64147222222222,-63.52891666666667,3.16,B7,0.01452749967575073
2023-08-02,SAT3,cla_tot,-30.64147222222222,-63.52891666666667,23.82,B1,0.00297749997116625
2023-08-02,SAT3,cla_tot,-30.64147222222222,-63.52891666666667,23.82,B2,0.00996250007301569
2023-08-02,SAT3,cla_tot,-30.64147222222222,-63.52891666666667,23.82,B3,0.02291500009596347
2023-08-02,SAT3,cla_tot,-30.64147222222222,-63.52891666666667,23.82,B4,0.01999999955296516
2023-08-02,SAT3,cla_tot,-30.64147222222222,-63.52891666666667,23.82,B5,0.01815750077366829
2023-08-02,SAT3,cla_tot,-30.64147222222222,-63.52891666666667,23.82,B6,0.01768999919295311
2023-08-02,SAT3,cla_tot,-30.64147222222222,-63.52891666666667,23.82,B7,0.01452749967575073
2023-08-02,CEN,cla_ciano,-30.624666666666663,-63.53069444444444,5.766666666666667,B1,0
2023-08-02,CEN,cla_ciano,-30.624666666666663,-63.53069444444444,5.766666666666667,B2,0.00594750000163912
2023-08-02,CEN,cla_ciano,-30.624666666666663,-63.53069444444444,5.766666666666667,B3,0.01449999958276748
2023-08-02,CEN,cla_ciano,-30.624666666666663,-63.53069444444444,5.766666666666667,B4,0.01199750043451786
2023-08-02,CEN,cla_ciano,-30.624666666666663,-63.53069444444444,5.766666666666667,B5,0.01081500016152858
2023-08-02,CEN,cla_ciano,-30.624666666666663,-63.53069444444444,5.766666666666667,B6,0.01372999977320432
2023-08-02,CEN,cla_ciano,-30.624666666666663,-63.53069444444444,5.766666666666667,B7,0.01185999996960163
2023-08-02,CEN,cla_tot,-30.624666666666663,-63.53069444444444,44.8,B1,0
2023-08-02,CEN,cla_tot,-30.624666666666663,-63.53069444444444,44.8,B2,0.00594750000163912
2023-08-02,CEN,cla_tot,-30.624666666666663,-63.53069444444444,44.8,B3,0.01449999958276748
2023-08-02,CEN,cla_tot,-30.624666666666663,-63.53069444444444,44.8,B4,0.01199750043451786
2023-08-02,CEN,cla_tot,-30.624666666666663,-63.53069444444444,44.8,B5,0.01081500016152858
2023-08-02,CEN,cla_tot,-30.624666666666663,-63.53069444444444,44.8,B6,0.01372999977320432
2023-08-02,CEN,cla_tot,-30.624666666666663,-63.53069444444444,44.8,B7,0.01185999996960163
2023-08-02,ZA,cla_ciano,-30.62488888888889,-63.54505555555555,2.82,B1,0.00209750002250075
2023-08-02,ZA,cla_ciano,-30.62488888888889,-63.54505555555555,2.82,B2,0.00748750008642673
2023-08-02,ZA,cla_ciano,-30.62488888888889,-63.54505555555555,2.82,B3,0.01903750002384185
2023-08-02,ZA,cla_ciano,-30.62488888888889,-63.54505555555555,2.82,B4,0.01549000013619661
2023-08-02,ZA,cla_ciano,-30.62488888888889,-63.54505555555555,2.82,B5,0.01307000033557415
2023-08-02,ZA,cla_ciano,-30.62488888888889,-63.54505555555555,2.82,B6,0.01623249985277652
2023-08-02,ZA,cla_ciano,-30.62488888888889,-63.54505555555555,2.82,B7,0.01384000014513731
2023-08-02,ZA,cla_tot,-30.62488888888889,-63.54505555555555,23.06,B1,0.00209750002250075
2023-08-02,ZA,cla_tot,-30.62488888888889,-63.54505555555555,23.06,B2,0.00748750008642673
2023-08-02,ZA,cla_tot,-30.62488888888889,-63.54505555555555,23.06,B3,0.01903750002384185
2023-08-02,ZA,cla_tot,-30.62488888888889,-63.54505555555555,23.06,B4,0.01549000013619661
2023-08-02,ZA,cla_tot,-30.62488888888889,-63.54505555555555,23.06,B5,0.01307000033557415
2023-08-02,ZA,cla_tot,-30.62488888888889,-63.54505555555555,23.06,B6,0.01623249985277652
2023-08-02,ZA,cla_tot,-30.62488888888889,-63.54505555555555,23.06,B7,0.01384000014513731
2023-08-02,ZB,cla_ciano,-30.62247222222222,-63.54497222222222,2.8333333333333335,B1,0.0015750000020489
2023-08-02,ZB,cla_ciano,-30.62247222222222,-63.54497222222222,2.8333333333333335,B2,0.00682750018313527
2023-08-02,ZB,cla_ciano,-30.62247222222222,-63.54497222222222,2.8333333333333335,B3,0.01711249910295009
2023-08-02,ZB,cla_ciano,-30.62247222222222,-63.54497222222222,2.8333333333333335,B4,0.01417000032961368
2023-08-02,ZB,cla_ciano,-30.62247222222222,-63.54497222222222,2.8333333333333335,B5,0.01254750043153762
2023-08-02,ZB,cla_ciano,-30.62247222222222,-63.54497222222222,2.8333333333333335,B6,0.0149125000461936
2023-08-02,ZB,cla_ciano,-30.62247222222222,-63.54497222222222,2.8333333333333335,B7,0.01329000014811754
2023-08-02,ZB,cla_tot,-30.62247222222222,-63.54497222222222,27.183333333333337,B1,0.0015750000020489
2023-08-02,ZB,cla_tot,-30.62247222222222,-63.54497222222222,27.183333333333337,B2,0.00682750018313527
2023-08-02,ZB,cla_tot,-30.62247222222222,-63.54497222222222,27.183333333333337,B3,0.01711249910295009
2023-08-02,ZB,cla_tot,-30.62247222222222,-63.54497222222222,27.183333333333337,B4,0.01417000032961368
2023-08-02,ZB,cla_tot,-30.62247222222222,-63.54497222222222,27.183333333333337,B5,0.01254750043153762
2023-08-02,ZB,cla_tot,-30.62247222222222,-63.54497222222222,27.183333333333337,B6,0.0149125000461936
2023-08-02,ZB,cla_tot,-30.62247222222222,-63.54497222222222,27.183333333333337,B7,0.01329000014811754
2023-08-02,SAT2,cla_ciano,-31.38123711,-64.47666871,3.6142857142857143,B1,0.00256499997340142
2023-08-02,SAT2,cla_ciano,-31.38123711,-64.47666871,3.6142857142857143,B2,0.0080375000834465
2023-08-02,SAT2,cla_ciano,-31.38123711,-64.47666871,3.6142857142857143,B3,0.01832249946892261
2023-08-02,SAT2,cla_ciano,-31.38123711,-64.47666871,3.6142857142857143,B4,0.01472000032663345
2023-08-02,SAT2,cla_ciano,-31.38123711,-64.47666871,3.6142857142857143,B5,0.01477499958127737
2023-08-02,SAT2,cla_ciano,-31.38123711,-64.47666871,3.6142857142857143,B6,0.01568249985575676
2023-08-02,SAT2,cla_ciano,-31.38123711,-64.47666871,3.6142857142857143,B7,0.01359250023961067
2023-08-02,SAT2,cla_tot,-31.38123711,-64.47666871,25.057142857142857,B1,0.00256499997340142
2023-08-02,SAT2,cla_tot,-31.38123711,-64.47666871,25.057142857142857,B2,0.0080375000834465
2023-08-02,SAT2,cla_tot,-31.38123711,-64.47666871,25.057142857142857,B3,0.01832249946892261
2023-08-02,SAT2,cla_tot,-31.38123711,-64.47666871,25.057142857142857,B4,0.01472000032663345
2023-08-02,SAT2,cla_tot,-31.38123711,-64.47666871,25.057142857142857,B5,0.01477499958127737
2023-08-02,SAT2,cla_tot,-31.38123711,-64.47666871,25.057142857142857,B6,0.01568249985575676
2023-08-02,SAT2,cla_tot,-31.38123711,-64.47666871,25.057142857142857,B7,0.01359250023961067
2023-08-02,SAT1,cla_ciano,-31.39347997,-64.48514345,1.4333333333333331,B1,0.00102500000502914
2023-08-02,SAT1,cla_ciano,-31.39347997,-64.48514345,1.4333333333333331,B2,0.00682750018313527
2023-08-02,SAT1,cla_ciano,-31.39347997,-64.48514345,1.4333333333333331,B3,0.01733249984681606
2023-08-02,SAT1,cla_ciano,-31.39347997,-64.48514345,1.4333333333333331,B4,0.01362000033259391
2023-08-02,SAT1,cla_ciano,-31.39347997,-64.48514345,1.4333333333333331,B5,0.01274000015109777
2023-08-02,SAT1,cla_ciano,-31.39347997,-64.48514345,1.4333333333333331,B6,0.01625999994575977
2023-08-02,SAT1,cla_ciano,-31.39347997,-64.48514345,1.4333333333333331,B7,0.01367499958723783
2023-08-02,SAT1,cla_tot,-31.39347997,-64.48514345,10.383333333333333,B1,0.00102500000502914
2023-08-02,SAT1,cla_tot,-31.39347997,-64.48514345,10.383333333333333,B2,0.00682750018313527
2023-08-02,SAT1,cla_tot,-31.39347997,-64.48514345,10.383333333333333,B3,0.01733249984681606
2023-08-02,SAT1,cla_tot,-31.39347997,-64.48514345,10.383333333333333,B4,0.01362000033259391
2023-08-02,SAT1,cla_tot,-31.39347997,-64.48514345,10.383333333333333,B5,0.01274000015109777
2023-08-02,SAT1,cla_tot,-31.39347997,-64.48514345,10.383333333333333,B6,0.01625999994575977
2023-08-02,SAT1,cla_tot,-31.39347997,-64.48514345,10.383333333333333,B7,0.01367499958723783
2023-11-06,SAT4,cla_ciano,-30.650666666666663,-63.53333333333333,0.15,B1,0.0247575007379055
2023-11-06,SAT4,cla_ciano,-30.650666666666663,-63.53333333333333,0.15,B2,0.03655499964952469
2023-11-06,SAT4,cla_ciano,-30.650666666666663,-63.53333333333333,0.15,B3,0.07230500131845474
2023-11-06,SAT4,cla_ciano,-30.650666666666663,-63.53333333333333,0.15,B4,0.06889499723911285
2023-11-06,SAT4,cla_ciano,-30.650666666666663,-63.53333333333333,0.15,B5,0.22592000663280487
2023-11-06,SAT4,cla_ciano,-30.650666666666663,-63.53333333333333,0.15,B6,0.19635750353336337
2023-11-06,SAT4,cla_ciano,-30.650666666666663,-63.53333333333333,0.15,B7,0.11622250080108644
2023-11-06,SAT4,cla_tot,-30.650666666666663,-63.53333333333333,4.45,B1,0.0247575007379055
2023-11-06,SAT4,cla_tot,-30.650666666666663,-63.53333333333333,4.45,B2,0.03655499964952469
2023-11-06,SAT4,cla_tot,-30.650666666666663,-63.53333333333333,4.45,B3,0.07230500131845474
2023-11-06,SAT4,cla_tot,-30.650666666666663,-63.53333333333333,4.45,B4,0.06889499723911285
2023-11-06,SAT4,cla_tot,-30.650666666666663,-63.53333333333333,4.45,B5,0.22592000663280487
2023-11-06,SAT4,cla_tot,-30.650666666666663,-63.53333333333333,4.45,B6,0.19635750353336337
2023-11-06,SAT4,cla_tot,-30.650666666666663,-63.53333333333333,4.45,B7,0.11622250080108644
2023-11-06,SAT3,cla_ciano,-30.641366666666663,-63.52785,5,B1,0.00776250008493661
2023-11-06,SAT3,cla_ciano,-30.641366666666663,-63.52785,5,B2,0.01339999958872795
2023-11-06,SAT3,cla_ciano,-30.641366666666663,-63.52785,5,B3,0.02549999952316284
2023-11-06,SAT3,cla_ciano,-30.641366666666663,-63.52785,5,B4,0.02002749964594841
2023-11-06,SAT3,cla_ciano,-30.641366666666663,-63.52785,5,B5,0.01056750025600195
2023-11-06,SAT3,cla_ciano,-30.641366666666663,-63.52785,5,B6,0.01001750025898218
2023-11-06,SAT3,cla_ciano,-30.641366666666663,-63.52785,5,B7,0.00935749989002943
2023-11-06,SAT3,cla_tot,-30.641366666666663,-63.52785,80,B1,0.00776250008493661
2023-11-06,SAT3,cla_tot,-30.641366666666663,-63.52785,80,B2,0.01339999958872795
2023-11-06,SAT3,cla_tot,-30.641366666666663,-63.52785,80,B3,0.02549999952316284
2023-11-06,SAT3,cla_tot,-30.641366666666663,-63.52785,80,B4,0.02002749964594841
2023-11-06,SAT3,cla_tot,-30.641366666666663,-63.52785,80,B5,0.01056750025600195
2023-11-06,SAT3,cla_tot,-30.641366666666663,-63.52785,80,B6,0.01001750025898218
2023-11-06,SAT3,cla_tot,-30.641366666666663,-63.52785,80,B7,0.00935749989002943
2023-11-06,ZA,cla_ciano,-30.6276,-63.54441666666666,1.88,B1,0.00138250004965811
2023-11-06,ZA,cla_ciano,-30.6276,-63.54441666666666,1.88,B2,0.00767999980598688
2023-11-06,ZA,cla_ciano,-30.6276,-63.54441666666666,1.88,B3,0.01997249945998192
2023-11-06,ZA,cla_ciano,-30.6276,-63.54441666666666,1.88,B4,0.01455499976873397
2023-11-06,ZA,cla_ciano,-30.6276,-63.54441666666666,1.88,B5,0.00669000018388032
2023-11-06,ZA,cla_ciano,-30.6276,-63.54441666666666,1.88,B6,0.00822999980300664
2023-11-06,ZA,cla_ciano,-30.6276,-63.54441666666666,1.88,B7,0.00743249990046024
2023-11-06,ZA,cla_tot,-30.6276,-63.54441666666666,20.4,B1,0.00138250004965811
2023-11-06,ZA,cla_tot,-30.6276,-63.54441666666666,20.4,B2,0.00767999980598688
2023-11-06,ZA,cla_tot,-30.6276,-63.54441666666666,20.4,B3,0.01997249945998192
2023-11-06,ZA,cla_tot,-30.6276,-63.54441666666666,20.4,B4,0.01455499976873397
2023-11-06,ZA,cla_tot,-30.6276,-63.54441666666666,20.4,B5,0.00669000018388032
2023-11-06,ZA,cla_tot,-30.6276,-63.54441666666666,20.4,B6,0.00822999980300664
2023-11-06,ZA,cla_tot,-30.6276,-63.54441666666666,20.4,B7,0.00743249990046024
2023-11-06,ZB,cla_ciano,-30.621966666666665,-63.544216666666664,0.7,B1,0.01103499997407198
2023-11-06,ZB,cla_ciano,-30.621966666666665,-63.544216666666664,0.7,B2,0.01964250020682811
2023-11-06,ZB,cla_ciano,-30.621966666666665,-63.544216666666664,0.7,B3,0.03234750032424927
2023-11-06,ZB,cla_ciano,-30.621966666666665,-63.544216666666664,0.7,B4,0.02717749960720539
2023-11-06,ZB,cla_ciano,-30.621966666666665,-63.544216666666664,0.7,B5,0.0207700002938509
2023-11-06,ZB,cla_ciano,-30.621966666666665,-63.544216666666664,0.7,B6,0.02107249945402145
2023-11-06,ZB,cla_ciano,-30.621966666666665,-63.544216666666664,0.7,B7,0.01903750002384185
2023-11-06,ZB,cla_tot,-30.621966666666665,-63.544216666666664,9.64,B1,0.01103499997407198
2023-11-06,ZB,cla_tot,-30.621966666666665,-63.544216666666664,9.64,B2,0.01964250020682811
2023-11-06,ZB,cla_tot,-30.621966666666665,-63.544216666666664,9.64,B3,0.03234750032424927
2023-11-06,ZB,cla_tot,-30.621966666666665,-63.544216666666664,9.64,B4,0.02717749960720539
2023-11-06,ZB,cla_tot,-30.621966666666665,-63.544216666666664,9.64,B5,0.0207700002938509
2023-11-06,ZB,cla_tot,-30.621966666666665,-63.544216666666664,9.64,B6,0.02107249945402145
2023-11-06,ZB,cla_tot,-30.621966666666665,-63.544216666666664,9.64,B7,0.01903750002384185
2023-11-06,CEN,cla_ciano,-30.62475,-63.5293,1.96,B1,0.01111750025302171
2023-11-06,CEN,cla_ciano,-30.62475,-63.5293,1.96,B2,0.0203850008547306
2023-11-06,CEN,cla_ciano,-30.62475,-63.5293,1.96,B3,0.03903000056743622
2023-11-06,CEN,cla_ciano,-30.62475,-63.5293,1.96,B4,0.03528999909758568
2023-11-06,CEN,cla_ciano,-30.62475,-63.5293,1.96,B5,0.02769999951124191
2023-11-06,CEN,cla_ciano,-30.62475,-63.5293,1.96,B6,0.02934999950230121
2023-11-06,CEN,cla_ciano,-30.62475,-63.5293,1.96,B7,0.02676500007510185
2023-11-06,CEN,cla_tot,-30.62475,-63.5293,24.32,B1,0.01111750025302171
2023-11-06,CEN,cla_tot,-30.62475,-63.5293,24.32,B2,0.0203850008547306
2023-11-06,CEN,cla_tot,-30.62475,-63.5293,24.32,B3,0.03903000056743622
2023-11-06,CEN,cla_tot,-30.62475,-63.5293,24.32,B4,0.03528999909758568
2023-11-06,CEN,cla_tot,-30.62475,-63.5293,24.32,B5,0.02769999951124191
2023-11-06,CEN,cla_tot,-30.62475,-63.5293,24.32,B6,0.02934999950230121
2023-11-06,CEN,cla_tot,-30.62475,-63.5293,24.32,B7,0.02676500007510185
2023-11-06,SAT1,cla_ciano,-30.605833333333333,-63.51501666666667,2.54,B1,0.00534249981865286
2023-11-06,SAT1,cla_ciano,-30.605833333333333,-63.51501666666667,2.54,B2,0.01411500014364719
2023-11-06,SAT1,cla_ciano,-30.605833333333333,-63.51501666666667,2.54,B3,0.03322749957442283
2023-11-06,SAT1,cla_ciano,-30.605833333333333,-63.51501666666667,2.54,B4,0.02827749960124492
2023-11-06,SAT1,cla_ciano,-30.605833333333333,-63.51501666666667,2.54,B5,0.02219999954104423
2023-11-06,SAT1,cla_ciano,-30.605833333333333,-63.51501666666667,2.54,B6,0.02418000064790249
2023-11-06,SAT1,cla_ciano,-30.605833333333333,-63.51501666666667,2.54,B7,0.02222749963402748
2023-11-06,SAT1,cla_tot,-30.605833333333333,-63.51501666666667,31.34,B1,0.00534249981865286
2023-11-06,SAT1,cla_tot,-30.605833333333333,-63.51501666666667,31.34,B2,0.01411500014364719
2023-11-06,SAT1,cla_tot,-30.605833333333333,-63.51501666666667,31.34,B3,0.03322749957442283
2023-11-06,SAT1,cla_tot,-30.605833333333333,-63.51501666666667,31.34,B4,0.02827749960124492
2023-11-06,SAT1,cla_tot,-30.605833333333333,-63.51501666666667,31.34,B5,0.02219999954104423
2023-11-06,SAT1,cla_tot,-30.605833333333333,-63.51501666666667,31.34,B6,0.02418000064790249
2023-11-06,SAT1,cla_tot,-30.605833333333333,-63.51501666666667,31.34,B7,0.02222749963402748
2025-02-20,ZB,cla_ciano,-30.623463,-63.54461965,40.9,B1,0.00209750002250075
2025-02-20,ZB,cla_ciano,-30.623463,-63.54461965,40.9,B2,0.00765250017866492
2025-02-20,ZB,cla_ciano,-30.623463,-63.54461965,40.9,B3,0.02222749963402748
2025-02-20,ZB,cla_ciano,-30.623463,-63.54461965,40.9,B4,0.01262999977916479
2025-02-20,ZB,cla_ciano,-30.623463,-63.54461965,40.9,B5,0.01587500050663948
2025-02-20,ZB,cla_ciano,-30.623463,-63.54461965,40.9,B6,0.00251000002026557
2025-02-20,ZB,cla_ciano,-30.623463,-63.54461965,40.9,B7,0.00154750002548098
2025-02-20,ZB,cla_tot,-30.623463,-63.54461965,50.6,B1,0.00209750002250075
2025-02-20,ZB,cla_tot,-30.623463,-63.54461965,50.6,B2,0.00765250017866492
2025-02-20,ZB,cla_tot,-30.623463,-63.54461965,50.6,B3,0.02222749963402748
2025-02-20,ZB,cla_tot,-30.623463,-63.54461965,50.6,B4,0.01262999977916479
2025-02-20,ZB,cla_tot,-30.623463,-63.54461965,50.6,B5,0.01587500050663948
2025-02-20,ZB,cla_tot,-30.623463,-63.54461965,50.6,B6,0.00251000002026557
2025-02-20,ZB,cla_tot,-30.623463,-63.54461965,50.6,B7,0.00154750002548098
2025-02-20,ZA,cla_ciano,-30.62923606,-63.543260020000005,27.7,B1,0
2025-02-20,ZA,cla_ciano,-30.62923606,-63.543260020000005,27.7,B2,0.00333500001579523
2025-02-20,ZA,cla_ciano,-30.62923606,-63.543260020000005,27.7,B3,0.01760750077664852
2025-02-20,ZA,cla_ciano,-30.62923606,-63.543260020000005,27.7,B4,0.00922000035643577
2025-02-20,ZA,cla_ciano,-30.62923606,-63.543260020000005,27.7,B5,0.0080375000834465
2025-02-20,ZA,cla_ciano,-30.62923606,-63.543260020000005,27.7,B6,0.00124500005040317
2025-02-20,ZA,cla_ciano,-30.62923606,-63.543260020000005,27.7,B7,0.00116250000428408
2025-02-20,ZA,cla_tot,-30.62923606,-63.543260020000005,36.9,B1,0
2025-02-20,ZA,cla_tot,-30.62923606,-63.543260020000005,36.9,B2,0.00333500001579523
2025-02-20,ZA,cla_tot,-30.62923606,-63.543260020000005,36.9,B3,0.01760750077664852
2025-02-20,ZA,cla_tot,-30.62923606,-63.543260020000005,36.9,B4,0.00922000035643577
2025-02-20,ZA,cla_tot,-30.62923606,-63.543260020000005,36.9,B5,0.0080375000834465
2025-02-20,ZA,cla_tot,-30.62923606,-63.543260020000005,36.9,B6,0.00124500005040317
2025-02-20,ZA,cla_tot,-30.62923606,-63.543260020000005,36.9,B7,0.00116250000428408
2025-02-20,SAT4,cla_ciano,-30.65703837,-63.53315246,8.2,B1,0
2025-02-20,SAT4,cla_ciano,-30.65703837,-63.53315246,8.2,B2,7.50000006519258e-4
2025-02-20,SAT4,cla_ciano,-30.65703837,-63.53315246,8.2,B3,0.01686500012874603
2025-02-20,SAT4,cla_ciano,-30.65703837,-63.53315246,8.2,B4,0.01331750024110078
2025-02-20,SAT4,cla_ciano,-30.65703837,-63.53315246,8.2,B5,0.00685499981045723
2025-02-20,SAT4,cla_ciano,-30.65703837,-63.53315246,8.2,B6,0.0029225000180304
2025-02-20,SAT4,cla_ciano,-30.65703837,-63.53315246,8.2,B7,0.00201499997638165
2025-02-20,SAT4,cla_tot,-30.65703837,-63.53315246,19.6,B1,0
2025-02-20,SAT4,cla_tot,-30.65703837,-63.53315246,19.6,B2,7.50000006519258e-4
2025-02-20,SAT4,cla_tot,-30.65703837,-63.53315246,19.6,B3,0.01686500012874603
2025-02-20,SAT4,cla_tot,-30.65703837,-63.53315246,19.6,B4,0.01331750024110078
2025-02-20,SAT4,cla_tot,-30.65703837,-63.53315246,19.6,B5,0.00685499981045723
2025-02-20,SAT4,cla_tot,-30.65703837,-63.53315246,19.6,B6,0.0029225000180304
2025-02-20,SAT4,cla_tot,-30.65703837,-63.53315246,19.6,B7,0.00201499997638165
2025-02-20,SAT3,cla_ciano,-30.64262189,-63.52777673,8.9,B1,0.001657500048168
2025-02-20,SAT3,cla_ciano,-30.64262189,-63.52777673,8.9,B2,0.00512250000610947
2025-02-20,SAT3,cla_ciano,-30.64262189,-63.52777673,8.9,B3,0.01455499976873397
2025-02-20,SAT3,cla_ciano,-30.64262189,-63.52777673,8.9,B4,0.01020999997854232
2025-02-20,SAT3,cla_ciano,-30.64262189,-63.52777673,8.9,B5,0.00473750010132789
2025-02-20,SAT3,cla_ciano,-30.64262189,-63.52777673,8.9,B6,0.0021524999756366
2025-02-20,SAT3,cla_ciano,-30.64262189,-63.52777673,8.9,B7,0.00146499997936189
2025-02-20,SAT3,cla_tot,-30.64262189,-63.52777673,8.9,B1,0.001657500048168
2025-02-20,SAT3,cla_tot,-30.64262189,-63.52777673,8.9,B2,0.00512250000610947
2025-02-20,SAT3,cla_tot,-30.64262189,-63.52777673,8.9,B3,0.01455499976873397
2025-02-20,SAT3,cla_tot,-30.64262189,-63.52777673,8.9,B4,0.01020999997854232
2025-02-20,SAT3,cla_tot,-30.64262189,-63.52777673,8.9,B5,0.00473750010132789
2025-02-20,SAT3,cla_tot,-30.64262189,-63.52777673,8.9,B6,0.0021524999756366
2025-02-20,SAT3,cla_tot,-30.64262189,-63.52777673,8.9,B7,0.00146499997936189
2025-02-20,CEN,cla_ciano,-30.62509839,-63.531291460000006,19.4,B1,3.924999909941107e-4
2025-02-20,CEN,cla_ciano,-30.62509839,-63.531291460000006,19.4,B2,0.00471000000834465
2025-02-20,CEN,cla_ciano,-30.62509839,-63.531291460000006,19.4,B3,0.0160399992018938
2025-02-20,CEN,cla_ciano,-30.62509839,-63.531291460000006,19.4,B4,0.0105400001630187
2025-02-20,CEN,cla_ciano,-30.62509839,-63.531291460000006,19.4,B5,0.00669000018388032
2025-02-20,CEN,cla_ciano,-30.62509839,-63.531291460000006,19.4,B6,0.00173999997787177
2025-02-20,CEN,cla_ciano,-30.62509839,-63.531291460000006,19.4,B7,0.0012725000269711
2025-02-20,CEN,cla_tot,-30.62509839,-63.531291460000006,21.4,B1,3.924999909941107e-4
2025-02-20,CEN,cla_tot,-30.62509839,-63.531291460000006,21.4,B2,0.00471000000834465
2025-02-20,CEN,cla_tot,-30.62509839,-63.531291460000006,21.4,B3,0.0160399992018938
2025-02-20,CEN,cla_tot,-30.62509839,-63.531291460000006,21.4,B4,0.0105400001630187
2025-02-20,CEN,cla_tot,-30.62509839,-63.531291460000006,21.4,B5,0.00669000018388032
2025-02-20,CEN,cla_tot,-30.62509839,-63.531291460000006,21.4,B6,0.00173999997787177
2025-02-20,CEN,cla_tot,-30.62509839,-63.531291460000006,21.4,B7,0.0012725000269711
2025-02-20,SAT2,cla_ciano,-30.6184867,-63.52335234,20,B1,0.00275749992579221
2025-02-20,SAT2,cla_ciano,-30.6184867,-63.52335234,20,B2,0.00825749989598989
2025-02-20,SAT2,cla_ciano,-30.6184867,-63.52335234,20,B3,0.02217249944806099
2025-02-20,SAT2,cla_ciano,-30.6184867,-63.52335234,20,B4,0.01312499959021806
2025-02-20,SAT2,cla_ciano,-30.6184867,-63.52335234,20,B5,0.0184324998408556
2025-02-20,SAT2,cla_ciano,-30.6184867,-63.52335234,20,B6,0.00449000019580125
2025-02-20,SAT2,cla_ciano,-30.6184867,-63.52335234,20,B7,0.00245500006712973
2025-02-20,SAT2,cla_tot,-30.6184867,-63.52335234,32.3,B1,0.00275749992579221
2025-02-20,SAT2,cla_tot,-30.6184867,-63.52335234,32.3,B2,0.00825749989598989
2025-02-20,SAT2,cla_tot,-30.6184867,-63.52335234,32.3,B3,0.02217249944806099
2025-02-20,SAT2,cla_tot,-30.6184867,-63.52335234,32.3,B4,0.01312499959021806
2025-02-20,SAT2,cla_tot,-30.6184867,-63.52335234,32.3,B5,0.0184324998408556
2025-02-20,SAT2,cla_tot,-30.6184867,-63.52335234,32.3,B6,0.00449000019580125
2025-02-20,SAT2,cla_tot,-30.6184867,-63.52335234,32.3,B7,0.00245500006712973
2025-06-04,ZB,cla_ciano,-30.623445,-63.54520333333333,1.16,B1,0.00168500002473592
2025-06-04,ZB,cla_ciano,-30.623445,-63.54520333333333,1.16,B2,0.00663499999791383
2025-06-04,ZB,cla_ciano,-30.623445,-63.54520333333333,1.16,B3,0.01551750022917986
2025-06-04,ZB,cla_ciano,-30.623445,-63.54520333333333,1.16,B4,0.01447250042110681
2025-06-04,ZB,cla_ciano,-30.623445,-63.54520333333333,1.16,B5,0.00371999992057681
2025-06-04,ZB,cla_ciano,-30.623445,-63.54520333333333,1.16,B6,0.00228999997489154
2025-06-04,ZB,cla_ciano,-30.623445,-63.54520333333333,1.16,B7,0.00187749997712671
2025-06-04,ZB,cla_tot,-30.623445,-63.54520333333333,6.84,B1,0.00168500002473592
2025-06-04,ZB,cla_tot,-30.623445,-63.54520333333333,6.84,B2,0.00663499999791383
2025-06-04,ZB,cla_tot,-30.623445,-63.54520333333333,6.84,B3,0.01551750022917986
2025-06-04,ZB,cla_tot,-30.623445,-63.54520333333333,6.84,B4,0.01447250042110681
2025-06-04,ZB,cla_tot,-30.623445,-63.54520333333333,6.84,B5,0.00371999992057681
2025-06-04,ZB,cla_tot,-30.623445,-63.54520333333333,6.84,B6,0.00228999997489154
2025-06-04,ZB,cla_tot,-30.623445,-63.54520333333333,6.84,B7,0.00187749997712671
2025-06-04,ZA,cla_ciano,-30.629448333333332,-63.54303,1.9666666666666668,B1,0.00152000004891306
2025-06-04,ZA,cla_ciano,-30.629448333333332,-63.54303,1.9666666666666668,B2,0.00570000009611249
2025-06-04,ZA,cla_ciano,-30.629448333333332,-63.54303,1.9666666666666668,B3,0.01587500050663948
2025-06-04,ZA,cla_ciano,-30.629448333333332,-63.54303,1.9666666666666668,B4,0.01455499976873397
2025-06-04,ZA,cla_ciano,-30.629448333333332,-63.54303,1.9666666666666668,B5,0.00504000019282102
2025-06-04,ZA,cla_ciano,-30.629448333333332,-63.54303,1.9666666666666668,B6,0.00295000011101365
2025-06-04,ZA,cla_ciano,-30.629448333333332,-63.54303,1.9666666666666668,B7,0.00162999995518475
2025-06-04,ZA,cla_tot,-30.629448333333332,-63.54303,7.716666666666667,B1,0.00152000004891306
2025-06-04,ZA,cla_tot,-30.629448333333332,-63.54303,7.716666666666667,B2,0.00570000009611249
2025-06-04,ZA,cla_tot,-30.629448333333332,-63.54303,7.716666666666667,B3,0.01587500050663948
2025-06-04,ZA,cla_tot,-30.629448333333332,-63.54303,7.716666666666667,B4,0.01455499976873397
2025-06-04,ZA,cla_tot,-30.629448333333332,-63.54303,7.716666666666667,B5,0.00504000019282102
2025-06-04,ZA,cla_tot,-30.629448333333332,-63.54303,7.716666666666667,B6,0.00295000011101365
2025-06-04,ZA,cla_tot,-30.629448333333332,-63.54303,7.716666666666667,B7,0.00162999995518475
2025-06-04,SAT4,cla_ciano,-31.34271973,-64.46680736,1.24,B1,0
2025-06-04,SAT4,cla_ciano,-31.34271973,-64.46680736,1.24,B2,0.00625000009313225
2025-06-04,SAT4,cla_ciano,-31.34271973,-64.46680736,1.24,B3,0.01738750003278255
2025-06-04,SAT4,cla_ciano,-31.34271973,-64.46680736,1.24,B4,0.01747000031173229
2025-06-04,SAT4,cla_ciano,-31.34271973,-64.46680736,1.24,B5,0.00490250019356608
2025-06-04,SAT4,cla_ciano,-31.34271973,-64.46680736,1.24,B6,0.00366499996744096
2025-06-04,SAT4,cla_ciano,-31.34271973,-64.46680736,1.24,B7,0.00248249992728233
2025-06-04,SAT4,cla_tot,-31.34271973,-64.46680736,7.38,B1,0
2025-06-04,SAT4,cla_tot,-31.34271973,-64.46680736,7.38,B2,0.00625000009313225
2025-06-04,SAT4,cla_tot,-31.34271973,-64.46680736,7.38,B3,0.01738750003278255
2025-06-04,SAT4,cla_tot,-31.34271973,-64.46680736,7.38,B4,0.01747000031173229
2025-06-04,SAT4,cla_tot,-31.34271973,-64.46680736,7.38,B5,0.00490250019356608
2025-06-04,SAT4,cla_tot,-31.34271973,-64.46680736,7.38,B6,0.00366499996744096
2025-06-04,SAT4,cla_tot,-31.34271973,-64.46680736,7.38,B7,0.00248249992728233
2025-06-04,SAT3,cla_ciano,-30.644033333333333,-63.529468333333334,3.62,B1,0.00121749995741993
2025-06-04,SAT3,cla_ciano,-30.644033333333333,-63.529468333333334,3.62,B2,0.00701999990269541
2025-06-04,SAT3,cla_ciano,-30.644033333333333,-63.529468333333334,3.62,B3,0.01716749928891658
2025-06-04,SAT3,cla_ciano,-30.644033333333333,-63.529468333333334,3.62,B4,0.01472000032663345
2025-06-04,SAT3,cla_ciano,-30.644033333333333,-63.529468333333334,3.62,B5,0.00567250000312924
2025-06-04,SAT3,cla_ciano,-30.644033333333333,-63.529468333333334,3.62,B6,0.00352749996818602
2025-06-04,SAT3,cla_ciano,-30.644033333333333,-63.529468333333334,3.62,B7,0.00234499992802739
2025-06-04,SAT3,cla_tot,-30.644033333333333,-63.529468333333334,10.22,B1,0.00121749995741993
2025-06-04,SAT3,cla_tot,-30.644033333333333,-63.529468333333334,10.22,B2,0.00701999990269541
2025-06-04,SAT3,cla_tot,-30.644033333333333,-63.529468333333334,10.22,B3,0.01716749928891658
2025-06-04,SAT3,cla_tot,-30.644033333333333,-63.529468333333334,10.22,B4,0.01472000032663345
2025-06-04,SAT3,cla_tot,-30.644033333333333,-63.529468333333334,10.22,B5,0.00567250000312924
2025-06-04,SAT3,cla_tot,-30.644033333333333,-63.529468333333334,10.22,B6,0.00352749996818602
2025-06-04,SAT3,cla_tot,-30.644033333333333,-63.529468333333334,10.22,B7,0.00234499992802739
2025-06-04,CEN,cla_ciano,-30.62624,-63.530815,1.24,B1,0.00306000001728534
2025-06-04,CEN,cla_ciano,-30.62624,-63.530815,1.24,B2,0.00669000018388032
2025-06-04,CEN,cla_ciano,-30.62624,-63.530815,1.24,B3,0.01749750040471553
2025-06-04,CEN,cla_ciano,-30.62624,-63.530815,1.24,B4,0.01502250041812658
2025-06-04,CEN,cla_ciano,-30.62624,-63.530815,1.24,B5,0.00506749982014298
2025-06-04,CEN,cla_ciano,-30.62624,-63.530815,1.24,B6,0.0028125001117587
2025-06-04,CEN,cla_ciano,-30.62624,-63.530815,1.24,B7,0.001657500048168
2025-06-04,CEN,cla_tot,-30.62624,-63.530815,6.82,B1,0.00306000001728534
2025-06-04,CEN,cla_tot,-30.62624,-63.530815,6.82,B2,0.00669000018388032
2025-06-04,CEN,cla_tot,-30.62624,-63.530815,6.82,B3,0.01749750040471553
2025-06-04,CEN,cla_tot,-30.62624,-63.530815,6.82,B4,0.01502250041812658
2025-06-04,CEN,cla_tot,-30.62624,-63.530815,6.82,B5,0.00506749982014298
2025-06-04,CEN,cla_tot,-30.62624,-63.530815,6.82,B6,0.0028125001117587
2025-06-04,CEN,cla_tot,-30.62624,-63.530815,6.82,B7,0.001657500048168
2025-06-04,SAT2,cla_ciano,-30.636486666666663,-63.52343833333333,3.14,B1,0.0029225000180304
2025-06-04,SAT2,cla_ciano,-30.636486666666663,-63.52343833333333,3.14,B2,0.0078725004568696
2025-06-04,SAT2,cla_ciano,-30.636486666666663,-63.52343833333333,3.14,B3,0.01763500086963176
2025-06-04,SAT2,cla_ciano,-30.636486666666663,-63.52343833333333,3.14,B4,0.01510499976575374
2025-06-04,SAT2,cla_ciano,-30.636486666666663,-63.52343833333333,3.14,B5,0.00602999981492757
2025-06-04,SAT2,cla_ciano,-30.636486666666663,-63.52343833333333,3.14,B6,0.00314250006340444
2025-06-04,SAT2,cla_ciano,-30.636486666666663,-63.52343833333333,3.14,B7,0.00193250004667788
2025-06-04,SAT2,cla_tot,-30.636486666666663,-63.52343833333333,8.92,B1,0.0029225000180304
2025-06-04,SAT2,cla_tot,-30.636486666666663,-63.52343833333333,8.92,B2,0.0078725004568696
2025-06-04,SAT2,cla_tot,-30.636486666666663,-63.52343833333333,8.92,B3,0.01763500086963176
2025-06-04,SAT2,cla_tot,-30.636486666666663,-63.52343833333333,8.92,B4,0.01510499976575374
2025-06-04,SAT2,cla_tot,-30.636486666666663,-63.52343833333333,8.92,B5,0.00602999981492757
2025-06-04,SAT2,cla_tot,-30.636486666666663,-63.52343833333333,8.92,B6,0.00314250006340444
2025-06-04,SAT2,cla_tot,-30.636486666666663,-63.52343833333333,8.92,B7,0.00193250004667788
2025-06-04,SAT1,cla_ciano,-30.607285,-63.515285,1.1,B1,0.0045725000090897
2025-06-04,SAT1,cla_ciano,-30.607285,-63.515285,1.1,B2,0.00886250007897615
2025-06-04,SAT1,cla_ciano,-30.607285,-63.515285,1.1,B3,0.01832249946892261
2025-06-04,SAT1,cla_ciano,-30.607285,-63.515285,1.1,B4,0.01612249948084354
2025-06-04,SAT1,cla_ciano,-30.607285,-63.515285,1.1,B5,0.00523249991238117
2025-06-04,SAT1,cla_ciano,-30.607285,-63.515285,1.1,B6,0.00336250010877847
2025-06-04,SAT1,cla_ciano,-30.607285,-63.515285,1.1,B7,0.00220749992877244
2025-06-04,SAT1,cla_tot,-30.607285,-63.515285,7.5,B1,0.0045725000090897
2025-06-04,SAT1,cla_tot,-30.607285,-63.515285,7.5,B2,0.00886250007897615
2025-06-04,SAT1,cla_tot,-30.607285,-63.515285,7.5,B3,0.01832249946892261
2025-06-04,SAT1,cla_tot,-30.607285,-63.515285,7.5,B4,0.01612249948084354
2025-06-04,SAT1,cla_tot,-30.607285,-63.515285,7.5,B5,0.00523249991238117
2025-06-04,SAT1,cla_tot,-30.607285,-63.515285,7.5,B6,0.00336250010877847
2025-06-04,SAT1,cla_tot,-30.607285,-63.515285,7.5,B7,0.00220749992877244
2025-10-02,SITIO1_021025,cla_ciano,-30.626426616666667,-63.5473656,251.8050000000001,B1,0
2025-10-02,SITIO1_021025,cla_ciano,-30.626426616666667,-63.5473656,251.8050000000001,B2,0.00822999980300664
2025-10-02,SITIO1_021025,cla_ciano,-30.626426616666667,-63.5473656,251.8050000000001,B3,0.04837999865412712
2025-10-02,SITIO1_021025,cla_ciano,-30.626426616666667,-63.5473656,251.8050000000001,B4,0.01832249946892261
2025-10-02,SITIO1_021025,cla_ciano,-30.626426616666667,-63.5473656,251.8050000000001,B5,0.48334750533103943
2025-10-02,SITIO1_021025,cla_ciano,-30.626426616666667,-63.5473656,251.8050000000001,B6,0.00789999961853027
2025-10-02,SITIO1_021025,cla_ciano,-30.626426616666667,-63.5473656,251.8050000000001,B7,0.00410499982535839
2025-10-02,SITIO1_021025,cla_tot,-30.626426616666667,-63.5473656,274.57500000000005,B1,0
2025-10-02,SITIO1_021025,cla_tot,-30.626426616666667,-63.5473656,274.57500000000005,B2,0.00822999980300664
2025-10-02,SITIO1_021025,cla_tot,-30.626426616666667,-63.5473656,274.57500000000005,B3,0.04837999865412712
2025-10-02,SITIO1_021025,cla_tot,-30.626426616666667,-63.5473656,274.57500000000005,B4,0.01832249946892261
2025-10-02,SITIO1_021025,cla_tot,-30.626426616666667,-63.5473656,274.57500000000005,B5,0.48334750533103943
2025-10-02,SITIO1_021025,cla_tot,-30.626426616666667,-63.5473656,274.57500000000005,B6,0.00789999961853027
2025-10-02,SITIO1_021025,cla_tot,-30.626426616666667,-63.5473656,274.57500000000005,B7,0.00410499982535839
2025-11-19,ZB,cla_ciano,-30.624893333333333,-63.54599833333333,14.7,B1,8.875000057742e-4
2025-11-19,ZB,cla_ciano,-30.624893333333333,-63.54599833333333,14.7,B2,0.00938499998301267
2025-11-19,ZB,cla_ciano,-30.624893333333333,-63.54599833333333,14.7,B3,0.03138500079512596
2025-11-19,ZB,cla_ciano,-30.624893333333333,-63.54599833333333,14.7,B4,0.02266749925911426
2025-11-19,ZB,cla_ciano,-30.624893333333333,-63.54599833333333,14.7,B5,0.01106250006705522
2025-11-19,ZB,cla_ciano,-30.624893333333333,-63.54599833333333,14.7,B6,0.00979750044643879
2025-11-19,ZB,cla_ciano,-30.624893333333333,-63.54599833333333,14.7,B7,0.00897250045090913
2025-11-19,ZB,cla_tot,-30.624893333333333,-63.54599833333333,31.424999999999997,B1,8.875000057742e-4
2025-11-19,ZB,cla_tot,-30.624893333333333,-63.54599833333333,31.424999999999997,B2,0.00938499998301267
2025-11-19,ZB,cla_tot,-30.624893333333333,-63.54599833333333,31.424999999999997,B3,0.03138500079512596
2025-11-19,ZB,cla_tot,-30.624893333333333,-63.54599833333333,31.424999999999997,B4,0.02266749925911426
2025-11-19,ZB,cla_tot,-30.624893333333333,-63.54599833333333,31.424999999999997,B5,0.01106250006705522
2025-11-19,ZB,cla_tot,-30.624893333333333,-63.54599833333333,31.424999999999997,B6,0.00979750044643879
2025-11-19,ZB,cla_tot,-30.624893333333333,-63.54599833333333,31.424999999999997,B7,0.00897250045090913
2025-11-19,ZA,cla_ciano,-30.63026,-63.544075,7.375,B1,4.4750000233761966e-4
2025-11-19,ZA,cla_ciano,-30.63026,-63.544075,7.375,B2,0.00847749970853328
2025-11-19,ZA,cla_ciano,-30.63026,-63.544075,7.375,B3,0.02937749959528446
2025-11-19,ZA,cla_ciano,-30.63026,-63.544075,7.375,B4,0.02195250056684017
2025-11-19,ZA,cla_ciano,-30.63026,-63.544075,7.375,B5,0.00999000016599893
2025-11-19,ZA,cla_ciano,-30.63026,-63.544075,7.375,B6,0.01023750007152557
2025-11-19,ZA,cla_ciano,-30.63026,-63.544075,7.375,B7,0.00944000016897916
2025-11-19,ZA,cla_tot,-30.63026,-63.544075,23.125,B1,4.4750000233761966e-4
2025-11-19,ZA,cla_tot,-30.63026,-63.544075,23.125,B2,0.00847749970853328
2025-11-19,ZA,cla_tot,-30.63026,-63.544075,23.125,B3,0.02937749959528446
2025-11-19,ZA,cla_tot,-30.63026,-63.544075,23.125,B4,0.02195250056684017
2025-11-19,ZA,cla_tot,-30.63026,-63.544075,23.125,B5,0.00999000016599893
2025-11-19,ZA,cla_tot,-30.63026,-63.544075,23.125,B6,0.01023750007152557
2025-11-19,ZA,cla_tot,-30.63026,-63.544075,23.125,B7,0.00944000016897916
2025-11-19,SAT4,cla_ciano,-30.654898333333332,-63.53222,2.9000000000000004,B1,0.00256499997340142
2025-11-19,SAT4,cla_ciano,-30.654898333333332,-63.53222,2.9000000000000004,B2,0.01023750007152557
2025-11-19,SAT4,cla_ciano,-30.654898333333332,-63.53222,2.9000000000000004,B3,0.02703999914228916
2025-11-19,SAT4,cla_ciano,-30.654898333333332,-63.53222,2.9000000000000004,B4,0.03144000098109245
2025-11-19,SAT4,cla_ciano,-30.654898333333332,-63.53222,2.9000000000000004,B5,0.02459250018000602
2025-11-19,SAT4,cla_ciano,-30.654898333333332,-63.53222,2.9000000000000004,B6,0.01158499997109174
2025-11-19,SAT4,cla_ciano,-30.654898333333332,-63.53222,2.9000000000000004,B7,0.00932999979704618
2025-11-19,SAT4,cla_tot,-30.654898333333332,-63.53222,31.875,B1,0.00256499997340142
2025-11-19,SAT4,cla_tot,-30.654898333333332,-63.53222,31.875,B2,0.01023750007152557
2025-11-19,SAT4,cla_tot,-30.654898333333332,-63.53222,31.875,B3,0.02703999914228916
2025-11-19,SAT4,cla_tot,-30.654898333333332,-63.53222,31.875,B4,0.03144000098109245
2025-11-19,SAT4,cla_tot,-30.654898333333332,-63.53222,31.875,B5,0.02459250018000602
2025-11-19,SAT4,cla_tot,-30.654898333333332,-63.53222,31.875,B6,0.01158499997109174
2025-11-19,SAT4,cla_tot,-30.654898333333332,-63.53222,31.875,B7,0.00932999979704618
2025-11-19,SAT3,cla_ciano,-30.64621,-63.52846,5.5,B1,0.00152000004891306
2025-11-19,SAT3,cla_ciano,-30.64621,-63.52846,5.5,B2,0.00999000016599893
2025-11-19,SAT3,cla_ciano,-30.64621,-63.52846,5.5,B3,0.02838749997317791
2025-11-19,SAT3,cla_ciano,-30.64621,-63.52846,5.5,B4,0.02250250056385994
2025-11-19,SAT3,cla_ciano,-30.64621,-63.52846,5.5,B5,0.01185999996960163
2025-11-19,SAT3,cla_ciano,-30.64621,-63.52846,5.5,B6,0.01287749968469143
2025-11-19,SAT3,cla_ciano,-30.64621,-63.52846,5.5,B7,0.01133750006556511
2025-11-19,SAT3,cla_tot,-30.64621,-63.52846,21.18,B1,0.00152000004891306
2025-11-19,SAT3,cla_tot,-30.64621,-63.52846,21.18,B2,0.00999000016599893
2025-11-19,SAT3,cla_tot,-30.64621,-63.52846,21.18,B3,0.02838749997317791
2025-11-19,SAT3,cla_tot,-30.64621,-63.52846,21.18,B4,0.02250250056385994
2025-11-19,SAT3,cla_tot,-30.64621,-63.52846,21.18,B5,0.01185999996960163
2025-11-19,SAT3,cla_tot,-30.64621,-63.52846,21.18,B6,0.01287749968469143
2025-11-19,SAT3,cla_tot,-30.64621,-63.52846,21.18,B7,0.01133750006556511
2025-11-19,CEN,cla_ciano,-30.62668,-63.532125,3.9,B1,3.924999909941107e-4
2025-11-19,CEN,cla_ciano,-30.62668,-63.532125,3.9,B2,0.00897250045090913
2025-11-19,CEN,cla_ciano,-30.62668,-63.532125,3.9,B3,0.02772749960422516
2025-11-19,CEN,cla_ciano,-30.62668,-63.532125,3.9,B4,0.02164999954402446
2025-11-19,CEN,cla_ciano,-30.62668,-63.532125,3.9,B5,0.00971500016748905
2025-11-19,CEN,cla_ciano,-30.62668,-63.532125,3.9,B6,0.01089750044047832
2025-11-19,CEN,cla_ciano,-30.62668,-63.532125,3.9,B7,0.00987999979406595
2025-11-19,CEN,cla_tot,-30.62668,-63.532125,22.125,B1,3.924999909941107e-4
2025-11-19,CEN,cla_tot,-30.62668,-63.532125,22.125,B2,0.00897250045090913
2025-11-19,CEN,cla_tot,-30.62668,-63.532125,22.125,B3,0.02772749960422516
2025-11-19,CEN,cla_tot,-30.62668,-63.532125,22.125,B4,0.02164999954402446
2025-11-19,CEN,cla_tot,-30.62668,-63.532125,22.125,B5,0.00971500016748905
2025-11-19,CEN,cla_tot,-30.62668,-63.532125,22.125,B6,0.01089750044047832
2025-11-19,CEN,cla_tot,-30.62668,-63.532125,22.125,B7,0.00987999979406595
2025-11-19,SAT2,cla_ciano,-31.38123711,-64.47666871,6.2,B1,0.00162999995518475
2025-11-19,SAT2,cla_ciano,-31.38123711,-64.47666871,6.2,B2,0.0088349999859929
2025-11-19,SAT2,cla_ciano,-31.38123711,-64.47666871,6.2,B3,0.02794750034809112
2025-11-19,SAT2,cla_ciano,-31.38123711,-64.47666871,6.2,B4,0.02159499935805797
2025-11-19,SAT2,cla_ciano,-31.38123711,-64.47666871,6.2,B5,0.01103499997407198
2025-11-19,SAT2,cla_ciano,-31.38123711,-64.47666871,6.2,B6,0.0115574998781085
2025-11-19,SAT2,cla_ciano,-31.38123711,-64.47666871,6.2,B7,0.01056750025600195
2025-11-19,SAT2,cla_tot,-31.38123711,-64.47666871,26.82,B1,0.00162999995518475
2025-11-19,SAT2,cla_tot,-31.38123711,-64.47666871,26.82,B2,0.0088349999859929
2025-11-19,SAT2,cla_tot,-31.38123711,-64.47666871,26.82,B3,0.02794750034809112
2025-11-19,SAT2,cla_tot,-31.38123711,-64.47666871,26.82,B4,0.02159499935805797
2025-11-19,SAT2,cla_tot,-31.38123711,-64.47666871,26.82,B5,0.01103499997407198
2025-11-19,SAT2,cla_tot,-31.38123711,-64.47666871,26.82,B6,0.0115574998781085
2025-11-19,SAT2,cla_tot,-31.38123711,-64.47666871,26.82,B7,0.01056750025600195
2025-11-19,SAT1,cla_ciano,-30.608885,-63.515863333333336,2.62,B1,0.00132749998010694
2025-11-19,SAT1,cla_ciano,-30.608885,-63.515863333333336,2.62,B2,0.008670000359416
2025-11-19,SAT1,cla_ciano,-30.608885,-63.515863333333336,2.62,B3,0.02761749923229217
2025-11-19,SAT1,cla_ciano,-30.608885,-63.515863333333336,2.62,B4,0.0210999995470047
2025-11-19,SAT1,cla_ciano,-30.608885,-63.515863333333336,2.62,B5,0.01199750043451786
2025-11-19,SAT1,cla_ciano,-30.608885,-63.515863333333336,2.62,B6,0.0132074998691678
2025-11-19,SAT1,cla_ciano,-30.608885,-63.515863333333336,2.62,B7,0.01197000034153461
2025-11-19,SAT1,cla_tot,-30.608885,-63.515863333333336,16.86,B1,0.00132749998010694
2025-11-19,SAT1,cla_tot,-30.608885,-63.515863333333336,16.86,B2,0.008670000359416
2025-11-19,SAT1,cla_tot,-30.608885,-63.515863333333336,16.86,B3,0.02761749923229217
2025-11-19,SAT1,cla_tot,-30.608885,-63.515863333333336,16.86,B4,0.0210999995470047
2025-11-19,SAT1,cla_tot,-30.608885,-63.515863333333336,16.86,B5,0.01199750043451786
2025-11-19,SAT1,cla_tot,-30.608885,-63.515863333333336,16.86,B6,0.0132074998691678
2025-11-19,SAT1,cla_tot,-30.608885,-63.515863333333336,16.86,B7,0.01197000034153461
2026-02-23,SAT1,cla_ciano,-30.606455,-63.514575,8.64,B1,5.300000193528831e-4
2026-02-23,SAT1,cla_ciano,-30.606455,-63.514575,8.64,B2,0.00443500000983476
2026-02-23,SAT1,cla_ciano,-30.606455,-63.514575,8.64,B3,0.01425249967724084
2026-02-23,SAT1,cla_ciano,-30.606455,-63.514575,8.64,B4,0.01045749988406896
2026-02-23,SAT1,cla_ciano,-30.606455,-63.514575,8.64,B5,0.00696500018239021
2026-02-23,SAT1,cla_ciano,-30.606455,-63.514575,8.64,B6,0.00443500000983476
2026-02-23,SAT1,cla_ciano,-30.606455,-63.514575,8.64,B7,0.00352749996818602
2026-02-23,SAT1,cla_tot,-30.606455,-63.514575,20.1,B1,5.300000193528831e-4
2026-02-23,SAT1,cla_tot,-30.606455,-63.514575,20.1,B2,0.00443500000983476
2026-02-23,SAT1,cla_tot,-30.606455,-63.514575,20.1,B3,0.01425249967724084
2026-02-23,SAT1,cla_tot,-30.606455,-63.514575,20.1,B4,0.01045749988406896
2026-02-23,SAT1,cla_tot,-30.606455,-63.514575,20.1,B5,0.00696500018239021
2026-02-23,SAT1,cla_tot,-30.606455,-63.514575,20.1,B6,0.00443500000983476
2026-02-23,SAT1,cla_tot,-30.606455,-63.514575,20.1,B7,0.00352749996818602
2026-02-23,SAT2,cla_ciano,-30.621453333333335,-63.52403,29.95,B1,8.32499994430691e-4
2026-02-23,SAT2,cla_ciano,-30.621453333333335,-63.52403,29.95,B2,0.00311499997042119
2026-02-23,SAT2,cla_ciano,-30.621453333333335,-63.52403,29.95,B3,0.01199750043451786
2026-02-23,SAT2,cla_ciano,-30.621453333333335,-63.52403,29.95,B4,0.00789999961853027
2026-02-23,SAT2,cla_ciano,-30.621453333333335,-63.52403,29.95,B5,0.00449000019580125
2026-02-23,SAT2,cla_ciano,-30.621453333333335,-63.52403,29.95,B6,0.00308750011026859
2026-02-23,SAT2,cla_ciano,-30.621453333333335,-63.52403,29.95,B7,0.00273000006563961
2026-02-23,SAT2,cla_tot,-30.621453333333335,-63.52403,38,B1,8.32499994430691e-4
2026-02-23,SAT2,cla_tot,-30.621453333333335,-63.52403,38,B2,0.00311499997042119
2026-02-23,SAT2,cla_tot,-30.621453333333335,-63.52403,38,B3,0.01199750043451786
2026-02-23,SAT2,cla_tot,-30.621453333333335,-63.52403,38,B4,0.00789999961853027
2026-02-23,SAT2,cla_tot,-30.621453333333335,-63.52403,38,B5,0.00449000019580125
2026-02-23,SAT2,cla_tot,-30.621453333333335,-63.52403,38,B6,0.00308750011026859
2026-02-23,SAT2,cla_tot,-30.621453333333335,-63.52403,38,B7,0.00273000006563961
2026-02-23,DAR,cla_ciano,-30.621,-63.52347,65.35,B1,0.0029225000180304
2026-02-23,DAR,cla_ciano,-30.621,-63.52347,65.35,B2,0.00965999998152256
2026-02-23,DAR,cla_ciano,-30.621,-63.52347,65.35,B3,0.02954250015318393
2026-02-23,DAR,cla_ciano,-30.621,-63.52347,65.35,B4,0.01656249910593033
2026-02-23,DAR,cla_ciano,-30.621,-63.52347,65.35,B5,0.01408750005066394
2026-02-23,DAR,cla_ciano,-30.621,-63.52347,65.35,B6,0.00278500001877546
2026-02-23,DAR,cla_ciano,-30.621,-63.52347,65.35,B7,0.00240000011399388
2026-02-23,DAR,cla_tot,-30.621,-63.52347,72.575,B1,0.0029225000180304
2026-02-23,DAR,cla_tot,-30.621,-63.52347,72.575,B2,0.00965999998152256
2026-02-23,DAR,cla_tot,-30.621,-63.52347,72.575,B3,0.02954250015318393
2026-02-23,DAR,cla_tot,-30.621,-63.52347,72.575,B4,0.01656249910593033
2026-02-23,DAR,cla_tot,-30.621,-63.52347,72.575,B5,0.01408750005066394
2026-02-23,DAR,cla_tot,-30.621,-63.52347,72.575,B6,0.00278500001877546
2026-02-23,DAR,cla_tot,-30.621,-63.52347,72.575,B7,0.00240000011399388
2026-02-23,SAT3,cla_ciano,-30.64375,-63.52939,8.22,B1,0.00121749995741993
2026-02-23,SAT3,cla_ciano,-30.64375,-63.52939,8.22,B2,0.00355500006116926
2026-02-23,SAT3,cla_ciano,-30.64375,-63.52939,8.22,B3,0.01323499996215105
2026-02-23,SAT3,cla_ciano,-30.64375,-63.52939,8.22,B4,0.00982499960809946
2026-02-23,SAT3,cla_ciano,-30.64375,-63.52939,8.22,B5,0.00616749981418252
2026-02-23,SAT3,cla_ciano,-30.64375,-63.52939,8.22,B6,0.0037750001065433
2026-02-23,SAT3,cla_ciano,-30.64375,-63.52939,8.22,B7,0.00306000001728534
2026-02-23,SAT3,cla_tot,-30.64375,-63.52939,17.38,B1,0.00121749995741993
2026-02-23,SAT3,cla_tot,-30.64375,-63.52939,17.38,B2,0.00355500006116926
2026-02-23,SAT3,cla_tot,-30.64375,-63.52939,17.38,B3,0.01323499996215105
2026-02-23,SAT3,cla_tot,-30.64375,-63.52939,17.38,B4,0.00982499960809946
2026-02-23,SAT3,cla_tot,-30.64375,-63.52939,17.38,B5,0.00616749981418252
2026-02-23,SAT3,cla_tot,-30.64375,-63.52939,17.38,B6,0.0037750001065433
2026-02-23,SAT3,cla_tot,-30.64375,-63.52939,17.38,B7,0.00306000001728534
2026-02-23,SAT4,cla_ciano,-30.657783333333334,-63.533115,3.02,B1,7.224999717436731e-4
2026-02-23,SAT4,cla_ciano,-30.657783333333334,-63.533115,3.02,B2,0.00341750006191432
2026-02-23,SAT4,cla_ciano,-30.657783333333334,-63.533115,3.02,B3,0.01367499958723783
2026-02-23,SAT4,cla_ciano,-30.657783333333334,-63.533115,3.02,B4,0.01210749987512827
2026-02-23,SAT4,cla_ciano,-30.657783333333334,-63.533115,3.02,B5,0.00526000000536441
2026-02-23,SAT4,cla_ciano,-30.657783333333334,-63.533115,3.02,B6,0.00306000001728534
2026-02-23,SAT4,cla_ciano,-30.657783333333334,-63.533115,3.02,B7,0.00231750006787478
2026-02-23,SAT4,cla_tot,-30.657783333333334,-63.533115,11.62,B1,7.224999717436731e-4
2026-02-23,SAT4,cla_tot,-30.657783333333334,-63.533115,11.62,B2,0.00341750006191432
2026-02-23,SAT4,cla_tot,-30.657783333333334,-63.533115,11.62,B3,0.01367499958723783
2026-02-23,SAT4,cla_tot,-30.657783333333334,-63.533115,11.62,B4,0.01210749987512827
2026-02-23,SAT4,cla_tot,-30.657783333333334,-63.533115,11.62,B5,0.00526000000536441
2026-02-23,SAT4,cla_tot,-30.657783333333334,-63.533115,11.62,B6,0.00306000001728534
2026-02-23,SAT4,cla_tot,-30.657783333333334,-63.533115,11.62,B7,0.00231750006787478
2026-02-23,CEN,cla_ciano,-30.6278,-63.53146,6.14,B1,4.7500000800937414e-4
2026-02-23,CEN,cla_ciano,-30.6278,-63.53146,6.14,B2,0.00374750001356005
2026-02-23,CEN,cla_ciano,-30.6278,-63.53146,6.14,B3,0.01348249986767768
2026-02-23,CEN,cla_ciano,-30.6278,-63.53146,6.14,B4,0.00910999998450279
2026-02-23,CEN,cla_ciano,-30.6278,-63.53146,6.14,B5,0.00432500010356307
2026-02-23,CEN,cla_ciano,-30.6278,-63.53146,6.14,B6,0.00245500006712973
2026-02-23,CEN,cla_ciano,-30.6278,-63.53146,6.14,B7,0.0020699999295175
2026-02-23,CEN,cla_tot,-30.6278,-63.53146,12.98,B1,4.7500000800937414e-4
2026-02-23,CEN,cla_tot,-30.6278,-63.53146,12.98,B2,0.00374750001356005
2026-02-23,CEN,cla_tot,-30.6278,-63.53146,12.98,B3,0.01348249986767768
2026-02-23,CEN,cla_tot,-30.6278,-63.53146,12.98,B4,0.00910999998450279
2026-02-23,CEN,cla_tot,-30.6278,-63.53146,12.98,B5,0.00432500010356307
2026-02-23,CEN,cla_tot,-30.6278,-63.53146,12.98,B6,0.00245500006712973
2026-02-23,CEN,cla_tot,-30.6278,-63.53146,12.98,B7,0.0020699999295175
2026-02-23,ZA,cla_ciano,-30.6278,-63.53146,15.86,B1,0
2026-02-23,ZA,cla_ciano,-30.6278,-63.53146,15.86,B2,0.00311499997042119
2026-02-23,ZA,cla_ciano,-30.6278,-63.53146,15.86,B3,0.01298750005662441
2026-02-23,ZA,cla_ciano,-30.6278,-63.53146,15.86,B4,0.0090549997985363
2026-02-23,ZA,cla_ciano,-30.6278,-63.53146,15.86,B5,0.00517750019207596
2026-02-23,ZA,cla_ciano,-30.6278,-63.53146,15.86,B6,0.00251000002026557
2026-02-23,ZA,cla_ciano,-30.6278,-63.53146,15.86,B7,0.0015750000020489
2026-02-23,ZA,cla_tot,-30.6278,-63.53146,21.82,B1,0
2026-02-23,ZA,cla_tot,-30.6278,-63.53146,21.82,B2,0.00311499997042119
2026-02-23,ZA,cla_tot,-30.6278,-63.53146,21.82,B3,0.01298750005662441
2026-02-23,ZA,cla_tot,-30.6278,-63.53146,21.82,B4,0.0090549997985363
2026-02-23,ZA,cla_tot,-30.6278,-63.53146,21.82,B5,0.00517750019207596
2026-02-23,ZA,cla_tot,-30.6278,-63.53146,21.82,B6,0.00251000002026557
2026-02-23,ZA,cla_tot,-30.6278,-63.53146,21.82,B7,0.0015750000020489
2026-02-23,ZB,cla_ciano,-30.62405,-63.54478,2.76,B1,0
2026-02-23,ZB,cla_ciano,-30.62405,-63.54478,2.76,B2,0.00267500011250376
2026-02-23,ZB,cla_ciano,-30.62405,-63.54478,2.76,B3,0.00971500016748905
2026-02-23,ZB,cla_ciano,-30.62405,-63.54478,2.76,B4,0.00657999981194734
2026-02-23,ZB,cla_ciano,-30.62405,-63.54478,2.76,B5,0.00429750001057982
2026-02-23,ZB,cla_ciano,-30.62405,-63.54478,2.76,B6,0.00261999992653727
2026-02-23,ZB,cla_ciano,-30.62405,-63.54478,2.76,B7,0.00198750011622905
2026-02-23,ZB,cla_tot,-30.62405,-63.54478,8.12,B1,0
2026-02-23,ZB,cla_tot,-30.62405,-63.54478,8.12,B2,0.00267500011250376
2026-02-23,ZB,cla_tot,-30.62405,-63.54478,8.12,B3,0.00971500016748905
2026-02-23,ZB,cla_tot,-30.62405,-63.54478,8.12,B4,0.00657999981194734
2026-02-23,ZB,cla_tot,-30.62405,-63.54478,8.12,B5,0.00429750001057982
2026-02-23,ZB,cla_tot,-30.62405,-63.54478,8.12,B6,0.00261999992653727
2026-02-23,ZB,cla_tot,-30.62405,-63.54478,8.12,B7,0.00198750011622905
2026-02-23,CITO,cla_ciano,-30.62432,-63.53717,124.56666666666666,B1,-0.00117499998304992
2026-02-23,CITO,cla_ciano,-30.62432,-63.53717,124.56666666666666,B2,0.0020699999295175
2026-02-23,CITO,cla_ciano,-30.62432,-63.53717,124.56666666666666,B3,0.01152999978512525
2026-02-23,CITO,cla_ciano,-30.62432,-63.53717,124.56666666666666,B4,0.0071849999949336
2026-02-23,CITO,cla_ciano,-30.62432,-63.53717,124.56666666666666,B5,0.00366499996744096
2026-02-23,CITO,cla_ciano,-30.62432,-63.53717,124.56666666666666,B6,0.0020425000693649
2026-02-23,CITO,cla_ciano,-30.62432,-63.53717,124.56666666666666,B7,0.00171250000130385
2026-02-23,CITO,cla_tot,-30.62432,-63.53717,136.6,B1,-0.00117499998304992
2026-02-23,CITO,cla_tot,-30.62432,-63.53717,136.6,B2,0.0020699999295175
2026-02-23,CITO,cla_tot,-30.62432,-63.53717,136.6,B3,0.01152999978512525
2026-02-23,CITO,cla_tot,-30.62432,-63.53717,136.6,B4,0.0071849999949336
2026-02-23,CITO,cla_tot,-30.62432,-63.53717,136.6,B5,0.00366499996744096
2026-02-23,CITO,cla_tot,-30.62432,-63.53717,136.6,B6,0.0020425000693649
2026-02-23,CITO,cla_tot,-30.62432,-63.53717,136.6,B7,0.00171250000130385
